neuron_id,marker_A_expression,marker_B_expression,dendrite_length,branch_count,spike_rate,burst_index,synapse_density,soma_area
Neuron_0001,-1.4678993079464004,1.9627301837285285,1.7230914277177911,-1.3063143596988358,2.3794261419649825,1.0504018946677598,-2.3135570026495285,-0.166873152317625
Neuron_0002,1.990144565656551,0.8232261457709167,-0.5827360908597068,1.4776140347758255,0.9804478716081446,0.5581196878786399,0.3111160792659533,-0.5375772743206358
Neuron_0003,-0.3746590863099061,-0.7688666662650345,3.4959579029171564,-0.045071550591608445,-2.7013598753277233,0.6368057099116995,0.8335706217631906,-1.646183109996172
Neuron_0004,-1.3267109018037813,2.0308648983847335,1.2506029353420423,0.33947168843472575,1.259186155454905,0.3101456324195655,-0.41689956918363075,0.17148634405910435
Neuron_0005,2.3117533642560018,1.0820425469810135,-0.6179539919345339,2.77062088571941,0.3022340437642257,1.448238536419263,1.0196548406175205,-0.6216131559761825
Neuron_0006,0.5559356647958602,-1.8609961602550147,1.8985953217491998,0.6176266400123929,-0.2555343290799001,1.5022658397965936,2.2899241160371204,-0.2739937935830927
Neuron_0007,0.1490414052506328,2.423530725700578,2.5907429696685593,-2.004638742379246,1.54567476109723,0.3063957949412589,-0.7046193110980864,0.94284062464261
Neuron_0008,-1.1329262735597858,3.5057399041632396,1.3642241628636973,-0.16896614624782885,1.6141845360606117,1.060570630365467,-0.7951866556511429,1.7586592527785276
Neuron_0009,2.9322460284377416,2.3179151980826633,-0.2523039344726665,1.9716375088284817,-0.12069160734845352,-0.27030139393249647,1.9522315719068712,1.0927749107337226
Neuron_0010,2.16928778623604,1.709115167654362,-0.10738663280494487,2.4602450066074573,1.031487325565689,-0.4845586524568277,1.4686730055464188,-1.9444755006822207
Neuron_0011,2.3063085891080397,-1.9187302601718272,-1.8787707259243345,1.8614148807527873,1.1820234698134362,-1.1299430241119444,0.6303183664968489,1.4964327908913058
Neuron_0012,0.11277589474185906,0.794336249922388,2.4984641174589233,0.6264289415050135,0.5934995187988863,2.1048216929547356,0.6981248154473589,-1.287781961355432
Neuron_0013,-1.0284885889520727,0.9082066782387477,1.2953343429273412,-1.0937536751979495,2.5394862057499474,1.0276894993482044,-1.026236599318056,1.3150544555019388
Neuron_0014,0.6784976147249329,-0.5065486402481761,1.7002302170644947,-0.5332701060970175,0.1837433723220241,1.6701305022362156,0.3665263259225007,-0.8449498324935163
Neuron_0015,2.3706958448261495,-0.2245722058053652,-0.316414627629115,2.088466473942699,1.0995091613650105,0.30558518700911624,0.0765847215274007,0.6648321239969566
Neuron_0016,1.7579041924236427,0.6137678730202841,0.19644448753578125,2.683419608539384,2.2354960436802873,0.851846297204724,1.112212654695853,0.6821761304210745
Neuron_0017,-0.386541702572605,2.0969423594395695,1.6046113503292354,0.15900250550094563,1.7525738831792543,0.4165704509010708,-1.131578452668687,1.9071283021869938
Neuron_0018,2.0023946329599647,1.2721679814946703,0.03606339376175194,1.2001268296819123,1.4049985309038449,0.10307408276671554,0.21214953047081697,1.5538438329489956
Neuron_0019,0.09940420499446706,-2.324076274548147,1.663965032330958,-0.5168361285426577,-0.6582613450739732,1.7809195955630102,1.2305344258875257,-0.7042384276140168
Neuron_0020,-0.7280997110458369,2.2528382965154288,1.827862765862954,-0.007092265598209357,0.11363732657804548,0.708449398188431,-2.544168051591579,1.4288479414382362
Neuron_0021,-1.0037063777794764,2.836425819831744,2.4501075141768967,-0.3377799613981061,1.39971113808248,1.3881288900365902,-1.222334109859451,1.398885878845321
Neuron_0022,2.7889090535686143,0.5537829232084611,0.14454291139400077,2.041921094953842,0.03616654629534277,0.5791153025739209,1.7588530762972039,0.481540709898126
Neuron_0023,-0.10985876642212178,-1.687364814860456,2.069869938477582,0.734075570633568,-1.4645001339211183,2.350009798895896,0.5065955768972858,-1.3632548675510792
Neuron_0024,0.5877182036592069,0.9561041160471335,1.398147475583706,1.4776116531921069,-0.5801260688101759,2.3289375344127707,1.5946783307105636,-0.8442185454438136
Neuron_0025,-1.1229480834896142,3.1632401451659664,1.134823084620222,0.4057876577433982,1.2845063038295819,0.9517985228789705,-1.6575700418321755,1.7640189762780158
Neuron_0026,3.156100765541227,0.9381150561433167,-0.6575085589631277,0.6083064295456585,0.6165658771581536,-1.4742354077772222,0.4696976106249381,0.5814288368873084
Neuron_0027,3.0552105581931173,3.2473686889836024,-0.9692680680567205,2.6482401253163523,0.9950019843213184,-0.3209981173971007,1.5460755613809218,0.4495331869439674
Neuron_0028,2.0883165804897748,0.6733334697386646,-1.6184877278390806,0.2650998379823346,1.3225959066249815,-0.42136007206857073,0.7231288802750666,0.40680450137852286
Neuron_0029,2.635945802332502,1.1442911544211185,-1.024843949312774,2.48103436451916,2.063348402385306,0.19564532425828268,1.9789308090752722,1.3935679974510489
Neuron_0030,-0.09592054687638907,2.491279341690099,1.9786776376599062,-0.0842715413227979,0.9221298603623651,1.5605785254876685,-1.8846511769012433,0.7643204358999559
Neuron_0031,0.042852054246470095,2.672176130155358,2.6899186317486903,-0.7173395069498338,0.878200926978586,0.8076502423437257,-0.7183749622075407,1.4631909730720076
Neuron_0032,1.4069443830053614,-1.2890163400027563,2.7816275774423396,-0.49090171954768486,-0.3397461775649495,2.002486840148509,0.900149329372386,-1.3886634897398822
Neuron_0033,1.8526594027878227,0.7838758965303231,0.9170729938141469,1.4212431981536964,0.6048831118581298,-1.8779607660881135,0.484634118416418,0.18954126043491773
Neuron_0034,1.4513178590586857,2.1053660747022374,-0.6319502203169749,2.530755399454602,0.8493637072402944,-0.1702177308627387,1.1289628418299993,0.40303700129716735
Neuron_0035,3.3750360024398876,-0.8556885814009747,-2.101236595550943,1.0654633351551088,0.8116223055500551,0.35208353981120993,1.57846975842198,0.09260326969554383
Neuron_0036,2.81523495459341,1.8241563225221848,-0.35275373498274754,2.270126057989473,1.0181162107457031,-0.649186421426307,1.7582534712000037,0.4884904980629422
Neuron_0037,2.0010718774035894,2.17836285775166,-2.4606977028320696,0.3658526638723443,-0.1496563410994961,-0.4906085180550445,0.9963134641871758,-0.8058605182184381
Neuron_0038,1.211873574151339,0.31132665718114383,1.4659392736607135,2.941393558197717,0.4706004658522806,-0.49086663224543914,0.2806368022493646,-1.1265043305802136
Neuron_0039,1.9064958508731809,0.20171841340477936,-0.5678804253296078,0.21983532076521795,0.19042043335179382,-0.08109832375773532,1.49296767822715,0.7339775669936117
Neuron_0040,-2.05639118732563,2.683748584108449,0.8598306427185197,0.006286331685845137,1.7914890587054455,-0.10110999926235831,-1.0529581636649503,1.692290993651014
Neuron_0041,2.4903723043796795,0.887209682044465,0.7254231124808423,2.306008616789247,0.5946767068801978,0.4000974497095557,2.7470347881505495,1.9683876806264218
Neuron_0042,-0.482399904657998,-1.7412264889257205,3.6879350293870807,-0.5466248406701097,-1.758032906633343,1.6110446954407625,1.8361813675796685,-1.2819173652888771
Neuron_0043,-1.5204508963244736,1.4606300306203928,0.930130348469833,-1.2036077029271541,3.6253063018208493,1.238008856948444,-0.09059275647620912,1.008738025504861
Neuron_0044,1.851234658251161,0.42915681490371604,-2.6213666679353618,0.39759257852170693,-0.6484949439843157,-1.999827022361286,0.24371282056151766,1.4599645435053046
Neuron_0045,0.46445106583651646,0.03245100985693927,2.8287860615207,0.9260470605721274,-1.42071759624366,2.4191607633541365,2.0829713872594766,-1.6613178337869543
Neuron_0046,0.9476322964929331,-0.5470497931401337,2.060357903095934,-0.5982147458167961,-1.6473026655186178,2.0692044335371693,1.7616078950314518,-1.8340206643663315
Neuron_0047,2.021268273060879,1.4564296289107883,-0.005447428267759291,2.741504096097991,1.8215846657584347,-1.0010331462052353,2.5468689676304184,-0.024781203644571814
Neuron_0048,2.835898249963542,1.0543893008408711,-0.8297195027655742,0.05384251218005365,0.6627483918269215,-1.4475065882444873,1.9738393886742178,1.6134341257113984
Neuron_0049,-1.6375287914373522,2.241576594015417,0.9196867823936197,-1.0027877841094317,2.419595763092297,0.96916939052527,0.5917184335448094,1.014214017037663
Neuron_0050,2.7994690659795913,1.0779307303662256,0.1366224077953866,1.1422738741360425,0.7603529299587338,-0.2923991034391478,0.5311543081233702,0.9296652276654022
Neuron_0051,2.5201992044626915,1.4748437559244534,0.7295725231341157,2.659475840989043,0.5000442481206917,0.09844185474734257,0.7011194485934298,0.4186842528916444
Neuron_0052,1.5202004407049081,2.296056247308841,-0.20904147972562975,1.3255766975164622,1.7548948574851018,-1.9364923278363293,-0.411282075892232,1.0366709241758192
Neuron_0053,-0.9516252415061055,2.2003570402086083,0.43888311734516106,-0.518586968680293,3.4028075283210737,1.6593596958366903,-0.6642347638857503,1.0487568719160498
Neuron_0054,-1.3156582814955151,0.29664168863998586,1.7061123367369284,0.1763864867854832,0.5395045382635077,0.4708664861545472,-1.7259717057867379,0.6277190441529891
Neuron_0055,-0.9572146985424799,0.3324782760092204,1.9914163506856513,0.10308405594694581,1.59911792957047,-0.9845668079876333,-1.5971349008019118,2.386321547282157
Neuron_0056,-3.222395424582858,1.7219812702451847,0.5559993772261927,0.14365624126786924,1.2599088382852308,1.3231632165884892,-0.34763166466472556,2.868980671784016
Neuron_0057,1.8376464450597039,1.300835495698089,-1.6880443833019487,2.4523308506349952,0.1915929215429083,-0.6486033312701964,1.1822017641206313,-0.8503074762718797
Neuron_0058,-0.8169839768568496,2.7739730183400084,1.7343470587978334,-1.77111805134298,1.7009525645362724,1.5936231223835926,-2.302391012772726,0.5401871889458287
Neuron_0059,2.701234883265216,1.2160763473578293,-0.1704227342985969,2.9875958460986496,1.1748422228049622,0.3263104083465435,3.3685964217746607,0.22895635352760746
Neuron_0060,1.3616937891052039,1.3422371185977062,-0.14880717648888409,1.0786276864430335,-0.025917615643878067,1.6478755376720626,1.4614747763104183,-0.1858283051216605
Neuron_0061,-0.2672557581763211,1.9126838787509324,1.297694842945735,-0.050181702468405365,0.7664941854146481,1.282101763133738,0.7303638461854018,1.7729421297578485
Neuron_0062,1.6990303169732284,0.5943157756574065,-0.8282719786760875,1.2968298575617752,0.49775477379338245,0.5330491528596535,-0.1865672825671867,1.0896000403297073
Neuron_0063,-1.303749220114049,2.301558228556298,0.5984096718393089,0.5629048534795489,2.7965079681374982,1.767672420600059,-2.0118038206348317,2.0632968568528423
Neuron_0064,-0.6761159298914329,0.7157830022939458,1.4805620929833476,-0.20837240877338997,2.2448602190585207,1.1418090935590846,-0.5670148665220963,2.578889113802476
Neuron_0065,-0.019172872071456126,-0.29364396302619467,1.2460491561298543,-0.631720822035161,0.39832114181842315,1.0753464465858498,0.19900621792840523,0.5307457123275277
Neuron_0066,-0.7308792490481022,1.2673412181628496,0.9624703810562585,0.6819149073360282,1.36595374391054,1.3697699912084997,-2.29697449284879,2.889854049115904
Neuron_0067,-0.5178780429548009,1.8540001258797907,1.9604372079999157,-1.6278555431582482,2.746024593402126,0.7408121796028558,-0.9632556120387479,1.0066755080276124
Neuron_0068,1.5354788778035322,1.5557364893027268,-0.2952745199166217,2.021398513122432,0.7929642484115429,0.21055984886174484,0.8649210048599693,2.1837854731276387
Neuron_0069,0.7456556668556011,2.0087498588503876,0.5943259605767766,0.818272955227525,2.583418888444779,0.5963922263562547,1.9769112054583293,0.4224177496207014
Neuron_0070,1.826219073425059,0.8324729383683135,-0.18757552294438623,2.6209490200271173,0.9450513742891358,-0.9291548985098323,1.8595416499079838,1.1369205971158338
Neuron_0071,2.523727622758229,1.5963991252199863,-0.7167425041262465,0.7568086662955363,0.10544525548737615,-1.5083705987662863,1.3895588892367599,0.3332409734187251
Neuron_0072,1.648009836376233,-1.3644950594760559,-1.4978539757553353,2.3966725211225333,0.26829919994949525,0.08847334212547314,0.08745165601979488,1.5509643858873852
Neuron_0073,0.3847778719562589,-0.7679676828131718,4.360623833505348,1.513152080471523,-0.9452524970296462,1.5254238521037127,1.2395639907843745,-0.7920814012187714
Neuron_0074,1.915820692599303,0.6838046839972227,0.6737450005672339,1.4086320865777304,2.6396712744298556,-0.12740594899826158,2.628254715379782,0.6858555381685014
Neuron_0075,2.7703684585995583,0.4203111587858205,-1.1830073780699295,1.86776476401199,1.5908425939722521,-0.1677947983996297,0.17088533193304212,-0.6882066930314618
Neuron_0076,0.858290878251007,-0.4140976903515048,-0.41241171244233,2.4000351373664204,0.789267370460153,-2.008331805870282,1.047391631732361,0.26976080269391434
Neuron_0077,3.6767990001803517,-0.16571033033564508,-0.8125420820793565,2.864682144435651,1.1599826730772385,0.25065045881313974,1.2916675496191026,0.6639548309258116
Neuron_0078,-0.3779123757771712,1.3524109448857868,2.2024468631265597,-1.5984024135084314,2.0626943782652307,1.1429927706290617,-1.2930344705536865,1.3818517797394825
Neuron_0079,-1.4980321221324424,1.1426389385106046,1.2171082067090846,-1.3831909082973293,2.0582379712745986,0.07993160467810911,-0.23041838160715888,0.45481674565694385
Neuron_0080,-1.453035932464805,1.5003172734278567,2.560117383099871,-0.23576804350672648,1.6306129579644846,1.3989755528557786,-2.4857538778637505,1.365493128287274
Neuron_0081,0.5980113422438103,2.105877205122138,1.5543305353354684,-0.06149729628624312,2.5164841946514764,-0.5979733543118879,-2.1458611854328216,1.5682330328689171
Neuron_0082,1.4280987504819922,2.0496202097759317,-0.7521395119081791,-0.04762458857049445,-0.2144111334751977,-2.3997408157044604,1.0126995701736698,0.2492926981884933
Neuron_0083,0.16042983217448176,-0.13689676877620904,3.458815869213355,0.16368926131511102,-2.4077549339814848,2.4938252643938066,1.9442881828068603,-0.952486743874444
Neuron_0084,2.7851837994464925,0.06813752283116792,1.1070043089481112,0.7324577974865055,1.3993783417606838,-1.5498781555306813,0.4557882501839592,1.6130949173802689
Neuron_0085,1.79128014159932,1.6719380841062383,-0.3104356890246031,1.4160334751998618,1.8910802599461518,-0.38932705972152026,-0.22459048605077658,-0.24259207356136414
Neuron_0086,2.4409533829613554,1.3164072850900066,-1.7536466001883506,0.9205259844734391,0.33462292063820276,-0.49237567529138004,0.09926912911875885,-0.10269688649558284
Neuron_0087,-1.5828883882076221,2.6172266078095356,2.147297048792195,-0.6166483664710528,1.486368163303415,1.1119394496312907,-1.45326008596446,0.4825343342660471
Neuron_0088,1.2478230328594264,0.4921494688228346,-1.430779039833817,1.6296476472502999,1.3837725390269666,-1.4696786406385935,1.2201029689728267,0.22405136378693155
Neuron_0089,2.273206948429442,0.9896489855171295,-1.6628794239453046,0.49008856091426756,0.8235388604679782,0.6230247357964076,-0.5713498968344024,0.676581263841264
Neuron_0090,-0.048302395769885376,1.8775792990350295,1.9401619968211525,-1.062455264718242,1.7045070405784986,-0.2967308146465213,-2.675474646735099,2.1542126409802203
Neuron_0091,1.2120040578204465,0.6355777239972555,-1.6091538026161547,0.37202423753289926,0.660929839924307,-0.7836617553085172,1.5023767983957588,0.7620307351836736
Neuron_0092,-0.7433202829403143,2.190880632742755,2.762214563945509,-1.354075015235909,1.7560521070376658,1.9061518564156712,0.21163184747042907,0.2625890805243416
Neuron_0093,1.750115646675304,2.0864968766938086,-0.09353671584074774,1.6562104251838181,0.6258522452522747,-0.5070407405661963,1.4305752504722593,0.1981007000124133
Neuron_0094,1.9659371031644446,1.0628789648920298,-1.0424572227947992,1.9257034991051507,3.1313957187323362,-1.6215893114608602,1.459210019351984,-0.20815207089512444
Neuron_0095,2.4619220620154,1.0372459786622887,0.10948381923397088,2.4404052612070237,0.9539368942145451,0.7056418307313426,-0.675438315030942,1.6723618383328187
Neuron_0096,-0.6999502784861279,2.8622746845961453,0.5240994041267827,-1.1646159052842686,1.9167506353158195,0.9863696885300296,-0.5735451295920084,2.267612128743973
Neuron_0097,0.5878237477577206,1.7790552573738472,-0.49337447203365836,1.3369745111003617,-0.3768921875079123,0.20243893470149205,-0.7312862808248299,0.9187152089909701
Neuron_0098,0.8063153316216065,1.0427663300939791,-0.5953350698623363,2.435630517835107,0.6570758647888879,-0.7553108489165326,0.7947178432230375,1.418306215003731
Neuron_0099,2.429037575344715,0.6914960147814709,-0.6891571359716108,0.24625832753164234,1.1107793606812328,-1.6078525661563725,1.801437172668365,0.5028972739930127
Neuron_0100,2.409561439659138,-1.8801084429794446,2.4178703271674937,1.7386301607384502,0.25311171223313156,1.4430303587360802,1.6791739426987582,-1.1984005148679302
Neuron_0101,0.7255646939153257,-1.5589443487878638,2.4285436778394125,-0.9784419002213711,-0.5919012385055343,2.3600165387374656,1.318064469884893,-2.4920407124678303
Neuron_0102,-0.20917450971883,2.291620030394242,0.9191879218392185,-0.7244803574704511,0.5994644777745288,0.17967189777767645,-1.2302490770857117,2.382736649824121
Neuron_0103,1.4883972872900193,1.512170927463007,-0.9306529622892639,1.6983580486815,0.6868835982849583,0.4984452800741948,0.7721509294251536,-0.8580226000019527
Neuron_0104,-0.6055592250909061,-1.4255019951542058,1.5007520234575578,0.6281696125436411,-1.0726145318864622,3.899685240021145,0.1098283238902944,-1.037093457032159
Neuron_0105,-1.9023624188045352,1.605278927693857,1.6131355786724353,-2.3602970998994293,1.989460893430422,2.5223259698193345,-1.1627506386948743,1.6078462854444076
Neuron_0106,-0.18006264549968054,1.8688371999784028,1.0352318491748134,-2.3205891229774016,2.312792575515979,0.9094652722168822,-1.6101470811105294,1.5012773682221547
Neuron_0107,1.533055714555055,0.5772590951075796,-0.014967075113033412,0.4292940709409243,1.637852228859007,-1.318148930494723,0.6698388733157888,1.938356955253262
Neuron_0108,2.901883809313938,1.0780831939963522,-1.2524241724009733,1.0765821546400853,0.8586202516685572,-0.16998141412832127,1.1273032562992298,0.37533398873265256
Neuron_0109,1.8284999122359087,-0.15358298851201035,-0.9132085937286663,2.2316992431894773,-0.294667438040894,-0.3516444092314228,0.5441968569833248,0.48908034351848906
Neuron_0110,0.18909345514654546,0.1819149319797353,2.905266523352203,-0.7494425326217691,-0.1630175907090411,1.3802785149903496,1.038402902897973,-0.9489447839143025
Neuron_0111,1.6066020642158922,1.7142846530583644,-1.1196080492107163,1.0048427579269095,0.27490328516151297,-0.6525109986840312,2.0793532444382503,0.9030370348882425
Neuron_0112,3.3679551632096567,2.814115363119404,-1.324573625545872,1.556335301861831,-0.14096025331474638,-0.8220847421986137,0.6959339917954644,-0.4457238993106195
Neuron_0113,1.1584901816812692,0.884572497183796,-1.4733747347091257,2.1737015673101063,0.06579717006598862,2.0476551760771136,0.8388924392284838,0.4576141135336418
Neuron_0114,-2.0362729475728285,3.3648734065021113,2.395600544642333,-0.26246730341110996,0.7225579609763475,1.1685335021796963,-1.697144836813804,2.569884210778689
Neuron_0115,2.6473557854825382,1.076351230790189,-2.4491005305978577,0.7132672170727754,1.350208905279898,0.7703069533785247,2.087335849193705,-0.8736104017931644
Neuron_0116,0.7412418454503232,-0.18758782681365638,1.1733315475342039,0.2936763877014109,-0.48092608135323495,1.759388332122612,0.01827051567903859,-1.4605584880589828
Neuron_0117,-1.2618443442040193,1.8815420763617967,1.0492228596599444,-0.8544097225931739,1.7682349741224177,1.353963683975769,-1.0435414102853338,1.0722808573055984
Neuron_0118,-0.9261167693964335,0.4632672592838547,1.8816281017811665,-0.500450477698367,1.8317548212780494,1.7685874460755713,-2.3622524240385987,-0.17906709588717118
Neuron_0119,2.219043076258816,0.9943065158971873,-0.3638584454464542,1.1302983398620436,1.331482939391945,0.5461110743928961,1.5871858351612216,0.1913372332763335
Neuron_0120,-2.6861515100915225,2.6153889664297028,2.4773829329740744,0.01564672958718405,1.0962860581059948,1.5390355149342063,-0.11157623363084368,2.6470529982392685
Neuron_0121,-1.7008879393823662,1.8188363323646892,2.097817640914764,-0.4540719428494738,0.9061379183589802,1.3316930280213624,-0.3370706929478667,1.4703703170648015
Neuron_0122,-0.8243320582560447,1.7930352786514159,2.682623148572848,-1.2205537469701413,1.330143389788977,1.0087884108220204,-0.0968367778392859,0.20210146392437056
Neuron_0123,0.9517626001876487,-0.6301828061877743,-0.4738438197973834,0.6053553462347648,0.49235991198566664,0.3291025519133664,0.6867658233737227,0.5850256181946917
Neuron_0124,1.7605296737986222,1.5376914520771496,-0.11989754612159298,0.946453043060312,0.6650785972796379,0.6349947181763955,1.5147014962032777,-0.7175696462009052
Neuron_0125,2.524494448937106,0.1323115020510094,0.6300104559688049,2.31927907187282,1.0319083807347207,-0.07421372525104528,1.032774195178064,0.9428191611200225
Neuron_0126,1.7033774644303508,1.1884558965119152,0.19754749321556098,1.0505547651795282,0.30704580800744435,-1.1554923845795673,0.3484218030990621,-1.062716249153202
Neuron_0127,2.5838630312124238,2.447131633666217,0.6402631547762445,0.1991324090987867,1.3798837372449602,0.9376850799388452,0.8345520154090686,0.48115794452003957
Neuron_0128,0.3936855593562636,1.2133889343813133,-1.3508477835477741,1.6597080143292116,-0.4489623377511043,0.23428657958207671,2.019610140341352,-0.2265438893721341
Neuron_0129,1.0904619348716524,-0.724818434039985,-0.7131308272601417,1.034724852574716,-0.44081552987844375,0.16241500504973733,0.8400236945082806,-0.460588766916186
Neuron_0130,-1.4436579245123577,2.8570436311436924,1.9823495550041779,-0.6040208491987918,2.295284014771882,0.0712704348906088,-0.7741039194183756,1.5178578643891765
Neuron_0131,1.6241307932010185,1.3483666687659344,-1.124346763715561,1.9078565662208944,1.2414870172250336,-2.533727904557653,2.152244562808094,-2.0381060522822034
Neuron_0132,0.00716077955509975,-0.17972157259379595,2.2461706197980473,-0.8729487859756335,-1.5749896493733364,2.821524597056496,-0.037203624438910676,-0.29680711923038605
Neuron_0133,-1.0440816792338314,1.0460837356460533,1.033507942157847,-1.313779472881313,2.492980160686823,1.5859422478102707,-2.1753289071008375,1.0771263051845326
Neuron_0134,1.3094514701245783,2.0348079747674963,-1.5800792945011368,2.7833832837480115,0.77336420838645,-1.12954752510407,0.6581806527925776,-0.24129507261476046
Neuron_0135,-2.019694721612405,2.0758614877843007,0.5176675594465253,-2.2442929669905514,1.4962588233214615,-0.44228495713430616,-1.4017286944540164,0.6727176891173152
Neuron_0136,1.3030271423793485,2.6007704812721233,-0.4548707462643434,1.6962968071962656,-0.6211186370738357,-0.7231705069095375,1.3722421039532096,-0.4196231303304051
Neuron_0137,1.2264502748143884,-1.9621572687208242,2.2709070913078593,-0.16884131198044694,-0.5685434724944671,1.4876079425156592,1.2832850983432502,-1.3889040734223883
Neuron_0138,1.4124897940869592,1.38807509479769,-0.30928930013005973,1.4291088437974662,0.45563333323043353,0.43723522441599766,1.0113326049486548,0.15464216973925027
Neuron_0139,-0.9162479760894991,3.3572693463766807,0.42771503358303686,0.11588551444428374,0.28546307100951585,1.173818526582899,0.46006626208698465,1.7909348195738457
Neuron_0140,2.1365000628318342,0.5516404249575395,-0.4751622396091566,1.298349747677315,0.1712187136549157,-0.4319004923798959,1.3587049285011517,-0.21377365482451227
Neuron_0141,1.3549745434522527,-0.08819475007373945,-0.18741997912888309,1.9362586095736483,0.985328355389214,0.5721363941829327,1.270294109664582,0.7136087498926054
Neuron_0142,2.2430699405100505,0.9267679844654337,-0.9246574625037178,3.271322092633529,0.4384392161171932,-0.7327021688963491,1.5472078587600855,0.6014835322360041
Neuron_0143,-0.6238332380882621,-0.10185739634900903,2.4246443397193334,-0.5887448761725764,0.2510272914830993,2.500540457276923,0.4883664064416686,0.2217462722061796
Neuron_0144,-0.47296210530704574,1.9918431074999632,2.7721750444974234,-0.37256177293628756,1.7775335399167744,0.4717599071824088,-0.33451964855433713,1.7812823738591839
Neuron_0145,2.011744111911769,0.3680109169059176,-0.3960561166671409,1.4441609713902896,-0.2667794549873608,-1.3774498810593485,1.6521227030478156,-1.6815106520413514
Neuron_0146,2.164328421569008,0.6175335537969404,0.546597285503928,1.1052254326768993,1.327587371401517,-0.5175310729902334,1.2909985227889147,0.989469224736041
Neuron_0147,1.6299554269403358,1.7972439075987232,-1.2949583016851864,1.7356742740467033,1.5381117782302822,0.32802999343226796,2.7331559013883284,-0.21075145384852845
Neuron_0148,-2.1033194010788705,1.2045319132039043,2.0283540532387496,-0.10166165258449711,1.8818053277179327,0.10163436071429599,-0.18650616533675135,0.4202361778795676
Neuron_0149,2.9271596659015198,3.2859507385118922,-0.20683908274275958,1.9664865085261944,0.40571218488355254,-1.6481706568694532,0.717824509575822,-0.4743161928789995
Neuron_0150,0.8423963388679874,2.3778879535965194,-0.2817099855793816,1.803750064491187,0.5527821078430004,-0.33829686595474906,1.9716405457914667,0.37413030504382766
Neuron_0151,0.9245551504197862,-1.1568034382760126,2.2262776874143624,-0.8255313324814897,-2.2821992498937025,1.7907504791468785,1.5451973535945862,-2.228904029367033
Neuron_0152,0.4724201079722937,-0.9569979496075984,0.7751935951524966,-0.432099727583601,-0.3741888850116251,2.309646983516595,0.5770600668801915,-1.073241559600212
Neuron_0153,2.8179257802883777,1.6216583671927185,-0.5762286296111476,1.125618949340566,0.2965244125323965,0.17425582632772568,1.3560831785143104,0.9035232048817603
Neuron_0154,-0.8945009495030785,2.6550111602779536,1.5756740263661602,0.1277509729053492,2.4966582162933113,0.35637869582014914,-2.246515237496597,2.6347942848116426
Neuron_0155,2.205326984569809,-0.3715887163968974,-1.071055597774969,2.117499433895863,0.5762585350936856,-0.6096491354553017,2.3207054882503733,-0.43782971710704843
Neuron_0156,-1.638522686203867,2.169109180038614,1.8123639456431058,-0.10292557252741474,2.5289904356551576,1.1588628965452135,-0.4084928488492727,1.1926325925479333
Neuron_0157,2.050158642589371,1.0860273440429076,-0.3279214913447711,2.1180318460662084,1.244116545555865,-0.16462639767985354,0.5526992120471681,0.45413700645016764
Neuron_0158,-1.022414227916595,2.154545263850559,3.265220245712322,-0.9190182228329884,2.1378312153002876,1.8547696537954386,-0.7215984687204937,3.2702760953377323
Neuron_0159,-1.3024314333851814,2.2592713778560376,0.8609554040856144,-0.7812197881146346,1.9991471283173263,1.6770432498461838,-0.5447241327811407,2.4072918794677887
Neuron_0160,-1.0759722484741374,1.7342651761287957,3.6631880858235095,-0.18460988044637539,1.2244147632171618,0.44458899020154485,-1.5541439316250725,2.14925548468543
Neuron_0161,1.7084981656854066,1.1018899805251885,-0.550806939550615,2.0851939263527477,0.12260472569278391,-1.0604578289144124,1.3794378457452754,0.8807674277599177
Neuron_0162,0.7660258504781126,-1.647562983277862,3.041987873673115,-0.2950887416765074,-1.1172309158291067,1.2448371802223983,2.5409266789216245,-0.6932627671781206
Neuron_0163,2.4839947005430987,1.9977691369139603,1.7501193985909786,0.13261911687187555,0.20929873529831355,-0.6929400673396191,0.5193443020938456,-0.4620665980829701
Neuron_0164,1.7602775487557074,0.026717027768476065,-0.23196610597006945,1.5413586571428917,1.1848229318109242,0.20618276131060204,1.6824054827413413,0.10127285054089413
Neuron_0165,0.6969147221069338,2.1875448931856782,0.010012197900163944,-1.301900596612974,0.40759760877774753,1.013867703321046,-0.897444179242667,1.0252594416804337
Neuron_0166,3.608740889920411,1.4391862992615287,0.08087868915706753,0.7551412096463174,0.0006840869351901757,-0.1705556007224362,1.3384057117217807,-1.0850492536915657
Neuron_0167,0.35575438172037277,-0.9887423337011961,2.3278806673830967,-0.3507123298773412,-1.131628145536912,1.8585126451417633,1.5726400188880383,-0.7161667339595456
Neuron_0168,1.364684963960697,-1.2354781788217999,2.1350750431077135,0.650124538827445,-0.21132406687131655,1.6526396533928915,2.132314781572938,-0.4163317270752215
Neuron_0169,3.033349172526939,2.422656725375858,-1.193132910927551,1.511118567466009,0.8090221572949281,-0.2784588548260061,0.680589664311891,-0.7884496025848572
Neuron_0170,0.5741435568232031,-1.61468452763833,2.5687947845981,-0.3352348333590827,-1.5797266766754732,2.187438688301518,1.6207372214451967,-0.7365744229432536
Neuron_0171,3.7486910131341,1.2218316249686776,-0.1119345863486963,0.6379509369061397,-0.22952595242909957,1.0662635574186672,0.46121617605335696,-0.43515525717491366
Neuron_0172,-1.0312791369732424,1.9278460692980892,0.7779947948453666,-0.74397857497048,2.7835005741200836,0.3552051129345619,-1.9149379874929373,2.154074896719834
Neuron_0173,2.3938375295504293,0.5035851034810708,-1.7657336129015344,0.9043013148491494,0.756236450520583,0.7325376719070553,0.3707344201042744,0.33238409479082126
Neuron_0174,1.0401157279159183,-2.9050138720975367,3.32702893435112,-0.6459604577651499,-0.43440360523445226,2.1973465196885953,2.367669113171076,-0.7592604952851676
Neuron_0175,0.09816760661601509,0.3721766022752069,-0.3894358965173759,1.3440160911041703,1.1820885838054165,0.4314932445357644,1.6867613891437432,0.22858004595642784
Neuron_0176,0.5229303911036156,0.6356150009161461,-0.16690548148883583,0.6276421979596178,1.305019784097261,0.5267146378138436,1.3014935810366741,-2.051023893049917
Neuron_0177,0.9775293098305573,2.5089513268448655,-0.9372302344227024,-0.0873145785031968,1.788197910648218,-0.18931552676506172,2.0839523911661804,0.6215669401754923
Neuron_0178,0.866847308969735,-0.7095926018283867,3.0579906495368,2.1219443588448788,0.07680506876735049,0.735728545723572,1.8573292122231226,-0.2868153855174257
Neuron_0179,1.4621606452289169,-1.3412839864472796,3.431955556150502,1.0421939196409642,1.3580139495757841,1.3999986110011906,1.0940795388796598,-1.444895238767963
Neuron_0180,-1.3921777200310204,1.2879834001891175,-0.7101404045389947,-0.8477595789785073,2.0954864477599235,0.6054225235952715,0.7483049468232879,1.41070065017269
Neuron_0181,1.5328232441473084,-0.7908636698160253,3.1611258479146063,0.5233932431468498,0.3950277055228504,2.0447514801059206,1.8968965664710287,-0.906933653079965
Neuron_0182,0.26937163349814497,-0.6760141448602586,4.287508996958145,0.08368244632364635,-0.3644280857174013,3.006223160695554,2.412202624755424,-1.1906268658245078
Neuron_0183,-2.9067109623658896,2.413362254918773,-0.2755794068984423,0.675949784752985,1.9355790969546085,1.7997392158975911,-1.521688910544841,0.15799402135995644
Neuron_0184,2.208603507312934,0.9731172480350864,-0.8932326609257326,1.567729024586211,3.0139487136258083,0.46762043789524615,2.039598884690655,1.0751495132426845
Neuron_0185,0.18356971508175435,1.8479426616794041,-0.14380904614023504,-0.6508689064048079,2.4493885679972016,0.22415968390794105,-0.9410927603914643,0.8465842055981494
Neuron_0186,0.20162340147450442,2.599565612325251,2.021232496515167,-0.002718949503222934,1.7702005979582984,1.1580450260220028,-1.7481476644258542,-0.3491535830004542
Neuron_0187,2.120064904276019,1.2591922050177156,0.4674116547403021,2.757068652865894,2.0559987879991573,-0.9984188746351024,0.9181879720401844,0.7842674367051037
Neuron_0188,4.025523742193743,2.184079362971133,0.39551772959870424,1.1897696355605676,0.09344029507590035,0.43112630670659163,0.3194709886125119,0.2092509192157579
Neuron_0189,-1.0918223592015381,3.274329671298246,1.216242157632258,-2.4513997108580927,2.2035557181299747,0.4407825175168588,-0.7658951804498026,1.330636239326301
Neuron_0190,1.7810368033457853,1.6322724654277632,-1.726291902682166,1.0863886200365118,1.347230330493905,-0.6912678202754946,-0.08704536741597768,0.9348442746053887
Neuron_0191,1.3984757043532312,-1.035996166114405,0.9313235212243738,0.8647757973590529,-2.0279103051357508,2.2470394214785325,0.7900289402062721,-2.127871428613572
Neuron_0192,1.6464719863362478,0.8533619548581921,-1.0153666003091586,1.9709626225721206,0.44314449723293303,0.5841526973374576,1.4249385325147834,-0.1580457652770464
Neuron_0193,1.3072480929341712,-0.317997039237951,-0.26741345770654207,1.2163299621989134,-1.0977564224508114,-0.6285718982155202,0.4791727765960383,1.6605420737365284
Neuron_0194,-0.8622228895146478,-2.153080639787243,3.38797571448456,1.3854105259711706,-1.2959863509805132,1.4943313417528712,1.9929883172426504,-3.061679837556248
Neuron_0195,0.511045052395555,0.7754132793194305,0.739912452903301,1.1514159294666082,0.8807494333881237,0.7070314180512096,2.885507786622517,-0.061478778518650024
Neuron_0196,1.9865306210132592,2.457644177074274,-1.7177594201531428,2.3220648564430575,-0.014652425889006615,-0.11802210631747462,1.0059047620797805,-0.36640928056098343
Neuron_0197,-1.7864815421266202,2.2211314914030034,2.296431462530146,-0.6037889625508026,1.856090526986573,1.4569392530328378,-1.577295018410368,1.9917540067303383
Neuron_0198,1.1554744776477976,1.082901039000328,2.199116647552334,-0.0664654413345021,-0.08482730274100347,2.6552833351297105,1.0719302772986303,-1.522530141544039
Neuron_0199,2.432904670574432,0.3379326074122708,-0.828427190412012,1.5716742138947477,1.5967509478578066,-0.6836788929436326,-0.27390756962453766,-1.1332779740145686
Neuron_0200,0.9924695466350932,-0.05053417455994991,-0.6236886068959272,0.5488958771219159,0.2377960321430368,-0.8192687079856398,0.8475937113216052,1.458003465218498
Neuron_0201,-0.47044192845558663,2.012903532220803,1.1311789755353294,-0.846586125298417,2.06219717596156,1.4673352586818322,-1.5260940048804805,1.4291846044913852
Neuron_0202,-1.1252956549304216,-0.8306289726635223,3.109719393566949,0.07594509849529965,0.7532215969120843,1.2950092420511596,1.673952332242609,-1.2286597973327644
Neuron_0203,-1.0802381339547267,1.9085422655962019,1.5856840240075774,0.17836699477095985,2.9021889890197956,0.9981998043966741,-0.14774714226269348,0.8385864429865739
Neuron_0204,2.6127643621809864,0.39040678093840775,0.3725279488705058,3.2685127019145916,0.7023328896228866,-1.954034792645927,0.7615416534041415,1.3855001074314428
Neuron_0205,2.442461429620196,1.1991308789400237,0.3069346847638713,1.8875627513987376,1.7741801499609091,0.5355389413175884,2.417360362189567,0.6870368671250036
Neuron_0206,2.7242075211951637,0.7542983415313717,-0.9811686492472047,2.865414112335179,0.9729637410581504,0.44390445268990325,1.298992011529112,-0.0692125207359714
Neuron_0207,2.008786314065921,2.1487952142141715,-0.05580794057646077,0.13082147221563267,0.6278044347390763,1.2258350341637698,1.028962510520035,-1.0403829533873448
Neuron_0208,0.5144391083380349,2.545914007850234,1.4439897129497596,-0.7971341888656549,2.6658815438333887,0.566413279819046,0.11860513961279062,1.8337562285794047
Neuron_0209,2.19574554038988,1.1164118442684763,-0.6399744293713425,2.3365120961674126,0.10772573431853272,-1.4975401014641674,1.6915520983139798,0.9049906624537183
Neuron_0210,-0.6158070779905866,2.326182695694431,1.2435676973299616,0.1299861635084203,1.7635534985963672,0.6103091513478576,-1.04951304980432,3.0165117590206654
Neuron_0211,-2.3879808656363464,2.399830483436639,0.15671165790102615,-0.5865866706583786,1.4530980118766499,-0.6680226373439024,-0.4887699276529896,1.0959695502462432
Neuron_0212,-2.679365074048995,2.6716544726194016,2.648004942391148,0.6920994738372577,2.0871651525211767,1.0368465108616924,0.2625252967166376,2.745906868272079
Neuron_0213,2.9068549623005,0.24676991821615912,-0.3389241174280625,1.8516129154331429,-0.6476935751337833,0.17548852769661932,3.0183934607835115,0.9119489326406331
Neuron_0214,1.6787304651534052,-0.8536682158970359,2.441425340812943,0.6050171120647805,-1.352661318387546,1.2289798502124891,2.5130436457354923,-0.10212612570678536
Neuron_0215,-1.7928850524698805,2.7743990436430916,1.4304320195151832,-0.22815314040765555,2.168174911548051,1.7954803744994547,-0.7338254385094489,2.5281295962415484
Neuron_0216,-0.7524697281920603,2.499347417975626,0.8333899267702027,1.2269272085638674,2.175859938563973,1.5703979402760795,-2.0865486489692335,0.7418383815367191
Neuron_0217,2.9903069503349844,1.2295128946340839,-2.031023787863141,2.330631943187055,0.36497375651782127,0.9290535887013698,1.1297314571170403,0.563765348816424
Neuron_0218,2.9431636628733187,0.2820056233162701,-1.2942774462671518,1.342801263681514,1.4617382396969778,-1.2647018020907925,-0.13442767991127735,1.0589767416350337
Neuron_0219,0.017617349946396965,-1.3137808103362265,1.0145516784478672,-0.24318345148158577,-0.7060538373049204,2.7443022860983137,0.883015867012289,0.1259008961859973
Neuron_0220,1.4523551806561594,0.4535265587318602,0.7298860415182418,1.6691681218911336,0.3583802167907387,-0.3241065049444748,2.2824588620336472,1.5729622557005456
Neuron_0221,1.3465654565837952,0.9660529519367135,-0.42787453786594154,0.7110079115867219,0.7554519578800046,-0.19574171163863963,2.1121675831493887,1.3659400226489606
Neuron_0222,1.7366324813127936,0.8288374849113507,0.031433841644508465,1.0318492408583908,1.2709121213899222,-0.2703251898953718,0.42448113780910335,-0.3654693703037173
Neuron_0223,0.15764695682488172,1.8748628166853611,2.8122832751186486,-0.910909008571928,2.0329641609051947,2.9141413784145933,-1.6459093957306234,-0.11825159991982148
Neuron_0224,1.5292721050297866,-1.661447284314459,2.483434908715013,-0.16873456836126793,-0.4854697752357471,1.2395710342514064,1.3560479296933552,-0.8401477387547726
Neuron_0225,1.1933528909805904,0.43993277628328886,-0.7779062668788255,0.35694765261897743,0.4619512137610029,-0.10496276807767853,0.8803608467292572,0.18289880565462036
Neuron_0226,0.4840786632747317,-1.524594769945851,3.052850052693502,1.4487824998414207,-1.0715043137563587,2.3881585851821656,1.3083062756522825,-0.9076101239691962
Neuron_0227,3.2526236249626033,1.406927634414479,-1.9187316310477447,1.8631965051575672,1.7862909946472074,-0.37727693599848217,1.996507844894266,-0.15209243292155672
Neuron_0228,-2.188431327617819,2.1129352150661123,0.09481862340294867,-0.6918168103148734,2.8294738101164025,-0.5278103245970247,-1.8235974367311183,0.5743742038707378
Neuron_0229,-1.050655887768768,1.7074265714830326,2.6193091053568702,0.263478663273358,2.1962183568548785,1.1165042514751078,-0.4854161784121382,0.7104141157492999
Neuron_0230,2.68576828284529,0.11036459651263908,0.16830159512178477,2.448914001695065,0.9686916816704698,-0.3409704471695807,1.5202479266477387,-1.8892146960805385
Neuron_0231,2.241806574788369,0.9093168017281543,-0.5405024904455928,2.065226010318262,0.7401848627482178,-1.1121654853209264,1.0868778633396976,0.4540443872646596
Neuron_0232,2.09194712926481,1.1295354938280544,0.33149523593484265,0.631172357572682,0.94056036493188,0.8319437588945928,-0.18768919754975633,0.5437173446240429
Neuron_0233,0.031697198421565265,-1.296568307578484,1.7761539974284624,0.1643594274396447,0.7730044915415235,0.988455711058229,0.564311998016938,-2.2415476561308036
Neuron_0234,0.3819346293024808,1.6301282355829705,1.4794887517218607,-0.8222263528849918,1.044461697277527,0.8118794827084517,1.166594884589248,2.513656736779404
Neuron_0235,-0.1823502542338179,-0.4819407175506514,1.8347817818668988,-1.1210941110769768,0.1156087341317037,2.9280742773148405,2.3368418008383194,-1.5758921993756583
Neuron_0236,0.366579412798411,-0.4001875570735014,2.8131968298784855,-0.014909977037635469,-1.9952574560945318,2.09110015531361,2.3632077113888905,-2.158070631227326
Neuron_0237,2.511007505340782,1.2652333561069542,0.10011861058586691,2.1975803997752057,0.24442780645971762,-1.493567520131957,0.7731843794536966,1.111301854021606
Neuron_0238,-1.4336031228207768,1.4447653409138863,0.04291972646028919,0.9021180436407512,2.460570913140248,1.6159167850198117,-0.025819690576420973,1.8613666892347212
Neuron_0239,1.8045369158563767,0.8689887167022387,-0.8420514916736999,3.6077926035320003,1.244729625039554,-0.5710403530811476,1.572397419333024,-0.408695134285054
Neuron_0240,3.2036053748713815,0.4711447233542879,-0.09913165390202738,2.3527821037945076,1.1078148353639943,-0.12442400654428944,1.208641667884812,0.3548471224903143
Neuron_0241,0.03864120885799821,-1.3595867438157634,3.683672298920748,0.21317069385187465,-1.3286370155062186,1.5869619225107932,2.3802965445577784,-0.6595146934684172
Neuron_0242,-0.5517366574141944,1.7939830408721669,1.958689976138356,-1.0148488999605183,1.5923087749233804,1.7758435899133964,-0.10057785686474852,0.6144721232393573
Neuron_0243,1.3155788376731392,1.0869617222507277,0.8809058997356081,-0.03245213157519533,1.0226663516564034,-1.3008346652585185,0.6925352051795635,0.10845726554860685
Neuron_0244,-1.3364066747495127,1.5729632482726332,1.5057656483010962,-0.9282044533044627,0.6300340921166778,1.6238956900182213,-0.1977022662808956,2.074539448018135
Neuron_0245,-2.232587597011266,2.239134522067321,2.040783084645539,-1.324961654751668,1.8073385985457033,0.9069866837517074,0.6737205268546109,2.9395968296100583
Neuron_0246,-0.8314851146641606,0.9951416045823915,1.767819423077341,1.0845386354619406,0.07639838469098481,1.2034478185265547,1.8946142350712791,-1.2860269954128511
Neuron_0247,-0.5565359962940875,2.1845378419045005,2.4570715882961975,-0.4396803654831502,1.665700744458951,1.8768513864457443,-0.33568322811311735,1.9854507154567103
Neuron_0248,1.4683306621931225,0.1637897748812207,-0.9541777146021613,1.0033428914555291,1.4289594149223315,0.5807872402352414,1.0758957683740797,1.544735215059482
Neuron_0249,3.094775515012104,1.1947191331204314,-1.1575134172344321,2.7603013195484323,0.7511861191772735,-0.09906784285522033,0.9283159795147451,-0.3118322610377581
Neuron_0250,0.8250884557477665,1.5062946588458304,-1.1267208431172964,3.947624983197459,-0.06885886608998315,-1.205905979985096,1.608110972490753,1.6234507831738365
Neuron_0251,-0.9483282744454227,2.4577939361498196,0.025162066033032282,-1.0420092365534135,0.9411074166899465,-0.5160366799583049,-0.7064158127808905,-0.39426209728834705
Neuron_0252,-0.5577567728699591,-1.4297550352107344,1.834971331239139,0.6171268017656542,-0.4555358464780159,2.7150389967483655,2.1019069861701425,-0.2873497685108952
Neuron_0253,1.9984652799927567,1.2427735206533357,-0.09078903846464692,1.6133253579128206,0.4822445520663409,-0.4659540274718162,0.5459532813360275,0.7372934639278638
Neuron_0254,1.9247878607318756,0.46946099949058806,-1.0297958554596742,0.5316810177737691,1.5830730729897597,-0.13710586437456995,0.5097599843413838,1.0468381996816145
Neuron_0255,1.5516409521645016,-0.12520050160978613,0.31697783137530644,1.0703224083471095,0.4728807278329684,-0.16705598372065802,2.114071378232092,0.4160298326930494
Neuron_0256,-1.9592937009161844,2.4351016032897443,1.1120082205906208,1.010339177223573,1.799104222401688,-0.7880283983189331,-0.5141080222754608,2.955678233808183
Neuron_0257,1.7607362308363117,0.4647634310052524,1.684191851694829,1.029721916781423,-1.2775956317893693,2.1794315195335394,0.48163805700821394,-1.715564611906173
Neuron_0258,1.4590026421091076,1.7188442241140929,0.14057529733572438,1.7214557834646567,-0.2803371344443084,-0.449311547159776,0.6031068136458191,1.095740605355593
Neuron_0259,2.9425478822537476,1.8451084688247064,-1.1041755355336165,-0.6916264978315834,-0.6135695185040435,0.9373015824657669,0.8789960485441408,-0.20057969461209002
Neuron_0260,0.3141282347489873,3.0121279563906613,1.5195589775358294,-0.7347224728511791,1.6943190297494999,1.1817302387099728,0.4800378250556865,1.7379739393897813
Neuron_0261,2.5808232264313133,1.935416087256137,-1.4357408008195351,2.1038895139792344,0.564344996270711,-2.212876156618213,-0.5025356335886497,-0.41449408921494857
Neuron_0262,0.9249785828740651,-0.9089603477277628,2.647493365740531,1.8607547861493539,-1.71527169188785,1.9780533166530212,1.7435484182510526,-1.7890184932306683
Neuron_0263,2.022661396066353,-0.2799594672674761,0.6279249738200223,0.9547083579756529,2.425120131822802,-0.22597945913396406,2.0224428523193465,0.3573577048070765
Neuron_0264,1.9754049341915763,0.5327765334223937,-0.4047008565069779,1.754398955531238,0.17259319286785613,-0.3000355326879074,0.7119209071543089,2.239731255691871
Neuron_0265,0.42821538407070514,0.23618572135724758,2.3435021353538494,0.5074301132279264,-1.7570912573162154,1.6423419265057082,1.6684277366313975,0.06880306476789344
Neuron_0266,2.177586222141017,2.1069762889543995,0.012583288162336226,2.8019210715717486,0.7527662261559557,1.7121781685214434,0.8116830376687015,-0.21316946735813525
Neuron_0267,1.0319577202487726,2.8648197372464566,0.1555580580943181,1.2327034132957533,1.799218157498796,0.35015374809422556,2.7729019771004726,-0.8382662661919292
Neuron_0268,1.7877119133485964,0.6299828928457396,-2.078946141126881,2.3482617638237553,0.5836827553573133,0.39170496398924975,3.0878175474636897,0.1174050465379134
Neuron_0269,1.6630776138742758,1.0949313357791968,0.28979788238672777,1.04662957975188,0.2952307222942955,0.6457514161930928,1.5029114590704284,-1.2357826104038567
Neuron_0270,1.0196865604247134,2.2009886910617684,-0.17845737353694996,0.8902432551702008,0.6636722742120144,-0.18941066175866383,1.788586688224131,-0.6866107158870315
Neuron_0271,1.3272406890636335,1.218364603890711,-0.5798676643963603,1.9574873461093678,-0.18360591788767822,0.08570294101705689,2.0732668955019777,0.7894548377194268
Neuron_0272,2.1112893918092737,0.9232931179472232,-1.1678809222172015,1.4424011260481693,1.8077646823043247,-0.2952228052801002,0.48815680852127186,0.006202328987690964
Neuron_0273,2.160680237820744,0.7011888022553224,-0.11175737354948745,1.9182750085992244,1.5111865443237187,0.9388475778120264,1.9966869794978885,-0.3473912513183679
Neuron_0274,-1.7228275572610179,1.9393828188321405,1.1390597142084684,-1.410661381568754,1.4466465646616047,0.6203896531047688,-1.3374781918089647,1.1473684110759954
Neuron_0275,-0.05723931974533514,2.1593904329993916,3.4774472608443756,-0.36359345118428055,1.5679473808501987,1.003306306123893,-0.594806417245168,1.7482031657368509
Neuron_0276,3.6613690606872193,0.3237436280179451,0.18723684654218853,1.6662004780912991,-0.4568781940564941,0.41655902567581066,2.2140988486431237,-0.2857411230219439
Neuron_0277,1.9928529056864235,-0.3802834096061629,-1.5070451677474692,2.338423662093802,0.4268667951940524,-1.0870423799504314,1.3835682915667438,-0.017929945144818604
Neuron_0278,-1.376657326220429,2.5914608205399228,0.5706133128525227,-1.2242921701454659,1.923263993719095,1.7755278325985642,0.19052824119187972,0.8679506237107014
Neuron_0279,1.2499015735357184,-1.6273138347763272,3.9609674775254398,-0.6070168203357829,0.36278304863338473,1.474811114545021,3.1105971638356804,-0.7269434169180125
Neuron_0280,-0.3128132235265776,-1.4177907836340053,3.1249449641789933,1.1421155340924491,-0.75657247337957,2.0357266247707733,2.1066824261152526,-1.094561258391344
Neuron_0281,0.9651961125292994,0.3496207802878555,-0.3119040454786679,2.472385933198155,2.092785939329638,0.4236235366171603,1.429832608829091,0.9990511087859817
Neuron_0282,1.4665993198345153,0.8774152317934286,-1.1593045770715813,0.5010059114338308,1.066839209308964,-0.051589354732205134,1.7501219876072103,0.8368894647139578
Neuron_0283,2.1941154170590895,1.4452933325420434,-0.5341464769819813,1.8303131161779205,0.21908447785091234,0.09576474051130407,1.7347341482288074,-0.13574514245776248
Neuron_0284,2.0414656791942773,0.5011179922965123,-0.921205357212892,0.6000565159182762,1.8126199401332446,0.6525481397760382,1.6299470833818697,1.9777567615550513
Neuron_0285,-1.1513965572547133,4.425409932088508,1.3179764677094237,-0.2958453185951868,1.4817776688478335,1.297860448048244,-0.13150805769100438,1.3088668855575327
Neuron_0286,3.4213758776940963,1.1913194277067687,-0.2836116911118407,0.772801844389026,1.1347992596403076,-0.3072217766474925,0.7134082165301705,-0.2211795265186911
Neuron_0287,4.137410703805348,0.7892181998567717,-1.6655883366250144,0.941422832213942,0.7587457284190292,0.23733362609318798,1.6438372173802507,0.9412916414212203
Neuron_0288,1.4841117546901361,1.2723523548012363,-1.2008475712884628,1.0042856135887908,0.06583282039979244,-1.1507110836786156,2.051367591086407,0.9508893607831101
Neuron_0289,-0.21866770401749602,2.031450452819437,2.1214461590921174,-1.909031523714036,2.4904700144362844,1.1416958640040242,-0.29831231988066753,1.7040186392388905
Neuron_0290,1.2103558763704907,-0.19843182031283724,-1.0696433329463706,1.9519338250183298,1.3520731321403163,-1.2943538219054902,0.41512050602542827,-0.1785885487526715
Neuron_0291,0.21415595178654745,-2.089640664682122,1.3623585870878938,-0.3574682371260432,-0.6309969310199954,1.0555245281972074,1.4073571920225871,-0.35315774708654757
Neuron_0292,0.9585762100691919,0.8348433932715684,0.3198053870006181,1.1653852877089526,0.3410642473132649,0.7307966514451791,0.9550383368227617,1.2835960201644543
Neuron_0293,0.843172312901759,-1.2742757223278693,2.883752424478024,0.5563596110768303,0.11670625680197932,1.5613235697079852,1.5329648534252958,-1.2492125436837098
Neuron_0294,2.563318513311828,0.17985664444465943,0.31358163859028476,1.8730630177363332,-0.253540058906357,0.7666102603844003,2.987274464638185,1.2014671756395263
Neuron_0295,1.6415878137811755,-0.9317028947179296,1.170796064209192,-1.17529636093402,-0.4959343649057932,1.526416953816016,0.7683389773381188,-1.2501973471749401
Neuron_0296,0.9924682302890306,-2.162206037409718,2.1408979037756923,1.5078965464962524,-1.5602307041770997,2.695808949731965,1.1122153907608048,-0.7633649921200378
Neuron_0297,1.3778620057622937,-0.4069745864119827,3.227327681771101,-0.621274826726365,0.19092776539303913,1.317845508292144,1.7076334124572308,-0.9934030504022184
Neuron_0298,0.8880980470956648,-0.7304346591518476,1.8249520171802214,-0.779893929836573,-0.0021210560305851,2.1486676620151326,2.419501472766254,-1.2357863473502944
Neuron_0299,-2.1241314885415683,2.772903744803285,1.2037035122711144,-0.22639723406318307,1.2820324572163848,2.315441368186953,-1.5012518593465576,1.1300561967150602
Neuron_0300,-0.9140410378421469,1.1262541383304334,1.764415622870076,0.7895283819739922,1.4076302714450317,1.3161142552253804,-2.9995483088308443,1.3688566396121273
Neuron_0301,-1.2504338287409644,1.3452019180716919,2.3651603757028257,-0.7609949452990625,1.65801801032513,0.698245700168743,-2.3334526974120613,0.49441084793843104
Neuron_0302,2.768874788896173,-0.6879605175039776,-1.1130522796925644,1.180223954968189,2.1948974938332526,0.4148830123970952,0.7542635783575202,1.443610957692441
Neuron_0303,-1.5924126564008958,2.8072798429872043,0.41289820326158755,0.3586062654313258,1.4750930836232115,0.17719660724698416,-0.9737148904610513,1.6218753437761717
Neuron_0304,-1.3957987444205697,2.443162804796259,1.033604893068746,-0.0037020848549136343,2.1537776496292795,0.9512615562336519,-1.15310584989276,1.5212326366122129
Neuron_0305,0.9402029944269594,0.6494393221852868,3.251536337438545,1.0807919598526732,1.7708097558882272,2.4127667814142755,1.8877148090493618,-0.6367879405426766
Neuron_0306,1.1928272179293975,0.644878690864995,-0.9049354133538672,2.0180911817756493,0.660660350223041,-0.08942125962055776,2.0699636961187715,1.090520590963311
Neuron_0307,1.8706231975670025,0.46400392249742206,0.4082197853225509,2.1191129447278927,-0.48500545463630584,-0.45052315112662467,1.3324123696134098,1.023063773696825
Neuron_0308,-0.271918804048183,2.227124800940379,1.9681980250870847,-0.4486905580974771,1.2609186494555515,0.7909884871669968,-0.7848070506879135,1.372256599985128
Neuron_0309,0.4915416764452234,0.682013332056455,-0.4550354775286785,1.2749040064754391,0.6025409635907315,0.19039309664366993,0.3368342503610928,-0.902433771160969
Neuron_0310,1.72146416733066,1.6112915244014316,0.8500424315893109,2.1257025912757923,-0.37461100789507773,-0.38589379150141695,1.4053075048652235,0.5420728935388738
Neuron_0311,2.4314436423542993,0.2663608428313914,-0.4480455299594059,1.8362582638209033,1.4605367626429278,-0.8445745332902337,0.9238745062056815,-1.7630541440586724
Neuron_0312,1.5028304259377807,0.5804680856231655,-1.3156676065339545,1.6324897201861213,0.7552436543637855,-2.0073711020620895,1.372406375441405,-0.34265930463122196
Neuron_0313,2.388551167352412,-0.02548099818293248,-0.4759947691752479,1.2734693368907952,1.0424815079602643,-0.10024217787892253,0.9958686599828364,-0.8290178512353957
Neuron_0314,0.8182336292311747,0.5328904487262247,-0.5066239071436696,1.0134016422407064,1.3001695444635724,-0.42337673536934695,0.42798982017639164,0.17752296560967254
Neuron_0315,2.180687869053242,1.2599077750596677,1.0027033055945036,0.9648725279972644,0.7412170707276797,0.1408991574555411,1.1812616326393477,-0.0004945167909225501
Neuron_0316,0.7605942589246051,0.5913323527575876,-1.3589619301742408,0.11871465510097723,0.16345692666353084,-1.0376733766131636,1.6670292362343586,0.880873469931435
Neuron_0317,1.2768965683353,0.7918170955495031,-1.9865941296900285,1.1045280398538446,1.1191855205618766,0.45995031169128225,0.6295623346469489,1.2414838884220158
Neuron_0318,-2.2125535372107774,1.001897760684966,2.067729492510301,0.8368969828505979,2.1947455905469564,0.96772609077279,-2.556146997217767,-0.21795764483478353
Neuron_0319,2.1035276295166954,0.7135498643430603,-1.3846681457216943,1.5524260646640407,0.8921050940062477,0.5555326948322181,1.3092818264101607,1.3827154946675075
Neuron_0320,0.5063952236390507,-1.092267995845869,3.3514497489977457,-0.4827527040331477,1.5515579626129294,2.300205982533389,1.8046634022701384,-0.7799232208219219
Neuron_0321,2.0017091802653137,-0.3659940706619147,1.215955216796861,1.4227763078140034,-0.9727172635560137,2.0857240582714587,0.4765968222597867,-0.7790383855008833
Neuron_0322,1.4789005679459581,1.080135710394779,-0.7272792042886264,3.0400102413886816,2.3858082401164715,-0.16278946382820692,1.2511821690950837,0.10124562692038797
Neuron_0323,2.884805033202229,0.7368641037332982,-0.8370698197165595,2.2828742909319715,0.3693607237466805,-0.23020402755882446,-0.06504862520879429,0.9633522760985336
Neuron_0324,0.5526935513454951,2.5769802982398335,2.669439334037844,-1.1768817089418646,1.9890594256225607,0.24547206050448833,-0.9822124364650744,2.017769181882004
Neuron_0325,0.5814564904826389,-2.1301128180809776,1.4479767155697971,-0.8049311451926191,-0.3068379280483277,3.6511156285253348,2.5899665952001705,-2.7167881593168515
Neuron_0326,0.13686075045582724,2.749120333611718,0.2637600435769938,-0.742561293368398,2.6764179291966474,1.4403468087478282,-1.8472760419103886,1.8885937246369553
Neuron_0327,-1.2100004768644703,-1.178257740605769,3.410365415520039,0.31471537245705583,-1.0991500399695566,2.7114770030178796,2.279801452069265,-0.15196824570643974
Neuron_0328,-0.30052605724289005,2.8650998351497172,2.086326845950028,-0.2875770807068224,1.8716071998110513,0.8101922247220784,-1.7698946344477806,0.6357507929441528
Neuron_0329,-1.2256115855481677,2.1931617276819435,2.6526500784034104,-0.5334377823004101,2.602781032702131,1.8634525251456966,-0.9851574381510328,1.875752169096147
Neuron_0330,1.8051775666201109,2.0577087152627813,0.008674670612745738,0.5476129962493157,0.9292197217230774,1.1184897294591039,1.055015172362639,0.7581720240760546
Neuron_0331,-0.5632969298086838,1.1707016806683197,1.908566359370811,-1.6150681216277005,1.2995007148788833,1.8605783739953536,-0.5145949677533137,1.1564177538027782
Neuron_0332,2.35716881699615,0.9519262017958948,-0.4899371981185334,2.02545482137611,0.21810580747269448,-0.16773087555624744,0.9501854443146777,-0.8684826996802045
Neuron_0333,-1.73636460499944,3.254565157651066,1.8077786516681873,-1.5588706411211113,0.5677164993212716,0.9102688799115328,0.44894922654118585,1.2505934921565178
Neuron_0334,1.5455996427232128,-0.718455383345074,2.877000366276715,-0.7685764074436556,0.05001833739980621,1.7320543701811142,2.190473962888727,-1.8513359855888905
Neuron_0335,2.14163947800793,1.2816023631501052,-0.6232266532606933,1.8236361544689255,0.586882339845993,-0.7192478024330236,2.4843867062351714,1.2391622930891537
Neuron_0336,-1.6086917960385416,2.4547554444756905,0.9058569162390776,-1.4477477149298594,2.627047553119181,-0.3632797005179247,-0.058515269138767034,1.1978221499415531
Neuron_0337,1.8307627175355772,1.3278009756986318,-0.03504095040459809,0.8389254585368734,1.374180487000051,-0.10930356957982129,0.19515616570556937,0.2641004131362087
Neuron_0338,0.10502321244714063,3.341275838596557,2.073878766086942,-1.452274790534696,2.1924855219647106,1.6806887230873544,-0.21943361334502232,2.0279634309503347
Neuron_0339,2.290610463398025,0.9420701289355651,-0.9866939967232147,-0.0183484148011972,1.0717134133706807,-0.05115772507824917,1.646060674259853,-0.6700349546343153
Neuron_0340,1.0160133514520484,0.6436360756966217,2.562760104622329,0.2506677446347673,-0.4527981151314392,3.6258696197682703,0.6810817906400872,-1.037434453284876
Neuron_0341,1.3602740621618845,0.5623962233240041,-0.5396722463055514,2.577858593290847,2.2407924805509896,0.15851371570136508,0.8987242215812117,2.394191093310815
Neuron_0342,0.15795641493638385,-1.4569087314877898,1.0800455643370184,1.416873255395795,0.07459647389703528,3.934244428893157,0.3883813182254994,-0.03346335401671219
Neuron_0343,0.556108414692902,-0.35511982655989094,1.181778287116423,1.4744654581322378,-0.07078659893453554,1.968871972171026,2.016090150128897,-1.8123962408337992
Neuron_0344,-1.4635520684653596,1.629244309099683,0.017817710647777485,0.18940679536269378,2.753274891346053,0.4389246801889267,-0.521437587244145,1.1875676202966108
Neuron_0345,-0.7373808303351757,1.4979382070311766,0.7932598751298913,0.3416599088189941,1.748903531900406,2.617687160682781,-0.7629520281646881,0.6591375677196061
Neuron_0346,-0.01844729885124885,2.504640131316816,2.081498290957139,0.45248054309433494,1.2777629649233644,0.8981973528117699,-0.9371598651902346,0.36740277046750514
Neuron_0347,0.28912787987340516,0.06910356630145942,2.6898704830350777,-0.7768490622759903,-1.944671529331948,3.3318208469986175,1.427744791795896,-1.7179281645612938
Neuron_0348,1.7808065880823976,-0.1818462034538657,0.6384761196092958,1.1855576499311762,1.8939212221907376,-0.1586786284421479,2.343625579654752,0.6053555992344684
Neuron_0349,-0.31741386970473917,2.5752744368706697,1.9986328530015767,-0.22165241825383153,1.6137194271075321,2.5323477532582883,-1.5255495880767207,1.4034461138745276
Neuron_0350,2.0119087001660763,1.3219526026748172,-0.8435781167156009,1.7517970444716702,0.6649259318376272,-1.4655620139503194,1.2076418290054771,-0.4804522664241214
Neuron_0351,-2.387508609959121,2.109498656551508,1.8903066736156533,-0.0786415663163389,2.2537365656157555,-0.5460712167524884,-1.8888135423259758,2.978817149450937
Neuron_0352,1.162232991938371,1.4886728249093513,-1.049550097332677,1.5637381914140516,0.2933966381811247,0.24923292369571587,1.309419293853359,0.0413681810846131
Neuron_0353,-1.8401376957445683,2.214219357994009,0.5298249607659279,-0.15801516630332918,3.90118792722952,2.0801360410096095,-0.22532169048466977,1.3315141618070818
Neuron_0354,-2.5510021016028204,0.9421708832798525,2.526234284882171,-1.131804864099824,1.2405983214687626,0.8674796194527828,-1.649637007077244,0.41858501235869083
Neuron_0355,1.9596207417748626,0.2867764362623709,-1.0928148638231159,0.8750471790823952,1.217888171067575,-0.38570055239628587,1.057142425684917,0.8775567178471066
Neuron_0356,-1.113631686586352,1.7773969852342617,1.8763602844561367,0.03455827484610485,1.6823412003931166,1.0644862204964172,-1.4254321837866626,0.7114535654683795
Neuron_0357,-0.3846819984265538,2.3559536500356972,1.864238750733261,-0.2753165210195822,1.836962620651963,1.5571295126582154,-0.05191299118177295,2.1289824041525183
Neuron_0358,-1.0806223327567894,3.1095941839270704,1.682768545385857,0.005900954052638796,2.025670312667904,1.1976053659873394,-1.388601592200256,1.9610806706758608
Neuron_0359,4.276235515926111,0.7001639401679334,-0.44320422766004147,1.14303578852219,0.4095840787504524,1.0355595824949384,0.6616231858180281,0.02073562130691098
Neuron_0360,-2.269994258985041,1.393910620366202,0.13328008563732174,0.005443759369543111,4.039757777469847,0.7066569650795822,-2.13340634639219,2.1199997315437864
Neuron_0361,-0.08153996714412548,0.03947754444283236,2.2743767617680444,-0.20545255126622458,-0.8423660445965492,2.60622140874895,1.3180634953954748,-1.5973797622349644
Neuron_0362,1.8409347176169026,-0.017484147600707933,-0.18237471816481587,0.07061872492407173,0.44470283650758774,0.40750816706459464,1.4424386263461735,0.8722564583891123
Neuron_0363,1.9479634618249526,1.9357969447884136,0.23975935741583365,1.8569128033981397,1.5420366218508346,0.4003388435228615,0.8484291893224878,-0.6751191293530668
Neuron_0364,2.336289700674099,1.4368713846651429,0.3723775929108524,0.7509429799637651,0.07485515257826936,0.1679202130462163,1.1430664089175306,-1.1086092884569028
Neuron_0365,-0.6999134689966473,0.5180616680088361,0.743794758501299,0.5813450982880857,3.2599032142456923,0.027474905222430568,-1.0635132299301555,1.4340980184629646
Neuron_0366,3.4249815420652547,0.6057048417404787,-0.8815072184266225,2.73898044677029,0.5001686778253935,0.37776136717316605,0.018285627910057833,0.263013804726139
Neuron_0367,-2.327677470661124,1.1556529752354363,2.171361084121811,-0.5399243128693701,1.5447154075576204,0.40100030081526594,-0.9765248585930263,1.6408905336805548
Neuron_0368,-0.21366703483059046,-0.10011734727744193,0.8345910605897522,-0.3727230062487954,1.7209095072301714,1.32270099402138,-0.585967771098757,1.156105709605274
Neuron_0369,1.5785174432102584,0.8035988082115992,0.41899387985819425,0.9143936536754285,0.7497546214848356,-0.0533262288012632,2.4482807438995664,0.1597533934109494
Neuron_0370,1.2670453248087687,-0.01441647738798224,2.4489965880074815,0.13142481673858997,-0.9632429376385729,1.7953414926059341,2.1833918884614665,-1.015192018195589
Neuron_0371,-0.8117682326641045,1.099821191696132,0.7260079380998123,1.214757459821584,1.6577394197690483,0.3801824035373118,0.34487933247143787,1.6254468389468415
Neuron_0372,2.4625239334916174,0.8895623397747732,-0.7549384724614434,1.3643309020021677,-0.30619053623890147,-0.270341927535918,1.4368264616340938,1.8803705870750034
Neuron_0373,2.0687992520041725,-0.867341633768244,-0.5751883462276971,3.6916033064866447,1.493092987988032,-0.8487111550468709,1.6728852115444455,-0.19361073991179223
Neuron_0374,0.9169539843625139,0.7213045094127422,-0.426778848608911,0.0022755980532833675,-0.11932743243090871,-0.19173154945411622,0.8734614592088366,0.7158490169168726
Neuron_0375,1.0282653381531508,1.5712909988426405,-1.4470072776481562,2.814187441550104,-0.5726066275026533,-1.07404341630673,1.5338966424254634,1.7313866011981105
Neuron_0376,2.2520344288929364,1.4502863361459128,-0.48597047866155324,0.6788812367078453,0.4078893214084966,-1.1695277759850213,0.17703202577850252,0.7213991354557971
Neuron_0377,-0.39854238567036937,-0.7443567946213109,1.458541798223122,0.5371064160934037,-1.09094605517037,3.125292426920516,1.7589751164632519,-0.21137368560468672
Neuron_0378,1.395482626859846,1.0449146721953337,-1.2848697264930227,1.1691158058044655,0.5903166218042968,-0.7806865765497115,0.22759771292344388,-0.7308138589221224
Neuron_0379,0.1282015074340821,0.15492282919723366,0.0019951173374755937,0.2212011743893736,-0.2944982770026441,1.232718856986332,0.6908031601213968,0.6568368073318687
Neuron_0380,-0.48614628279960426,2.530020903825024,0.2821486155135522,-0.6848477439195921,0.5054181843852863,2.957054287128259,-2.0759002112124803,0.5617278249041437
Neuron_0381,-1.8324806838732037,0.8026716186216956,2.5820751278052363,1.4379583208667968,1.4194007045499062,-0.056338517475528205,-2.589540398980817,1.2047130251823188
Neuron_0382,0.24690766147084492,-1.5210369010881157,2.6771002031809825,0.6161385142523891,-0.4415333936496794,1.7471001024252102,0.6187025363405905,-0.6673335217546272
Neuron_0383,-0.9899889924627756,2.7106860198677203,2.132060439577785,-1.6374096552376924,0.6526222340339174,0.39556742500757724,-1.6450123266325345,2.0042014207808805
Neuron_0384,2.281047740790334,1.8793471950282488,-0.18281054607126535,1.6669196654986953,1.7597838242753365,0.17578187178803878,1.254480770750175,1.5843624271445482
Neuron_0385,2.092144706522232,0.7565275160656627,-1.1702586070221197,2.062420367236329,1.7896404334739753,-0.24046992114674406,2.246332499023871,-1.1760120255772608
Neuron_0386,0.45563730015366816,-1.0320759296835489,1.9184045020741225,2.2070888303854987,-0.7529541061510089,1.6738153827164535,1.520769690746804,-2.8022509908206636
Neuron_0387,-1.6078943402759323,2.7865919755563233,0.9968437160537802,-1.1631001302402173,2.84762050921152,2.0722035207614633,-0.3864076222710866,1.0359061327690662
Neuron_0388,0.30842314790694114,-1.6433199692599674,1.704181504777084,-0.535533190646746,-1.194443525428166,1.172223207452204,0.2490359051654807,-1.0244778641968755
Neuron_0389,2.1876764647147495,2.3606342067426533,-1.0346706946837623,1.7368804716986164,1.0501700634198414,-0.40307004890042647,1.795466870999741,1.0201833494805714
Neuron_0390,0.7619288761580321,-1.2045117640382363,2.213975913156372,-0.7942031190376473,-1.3447342228941532,1.5023939808786497,0.6008225900564527,-0.8480608266498686
Neuron_0391,-0.04269770481039192,1.2735500541366798,1.7267531485957097,-1.3272889116237683,1.5560622632486703,0.44773633665777934,-0.3184834811148468,0.8569694609262573
Neuron_0392,2.809328330965317,0.8034233810702408,-1.0196829676758647,0.49735579012386943,1.0025636082362799,0.5161747217809443,1.4186570052294993,2.1910653331315393
Neuron_0393,0.14382996197633457,1.7539777882263876,1.2455780529543445,-0.1242426244117174,1.129584655659452,1.9330306452259896,-0.510719582525133,1.605167128686826
Neuron_0394,-0.45043706578334686,3.3782639066952473,1.636764281750004,-0.5904322966971075,3.0069756986580627,1.7740403327929082,-1.056783872306978,1.404149158927216
Neuron_0395,2.156304732751039,1.2894503556839862,-1.5852798807512911,0.2660123137587518,0.09008798239803695,-0.9717907544090738,0.6849407888219979,0.9077685136720035
Neuron_0396,1.8648566749402093,1.1571156840081507,-1.4794427280338094,1.1306862376632438,1.2698061293958725,0.2759619665414414,0.6203409374496736,0.529329909103643
Neuron_0397,2.2590782827858655,-1.0140783434045104,1.9454504430860435,0.1609900885102718,-0.6262583139785335,1.8790652954475604,1.4749162394587985,-2.3547574375494715
Neuron_0398,1.229895619931239,0.8805318103428019,-0.6322143760179494,1.0470485801119995,0.6583891311388504,-0.15118811566863571,1.9115307652196203,0.3206306118191593
Neuron_0399,2.319282564238603,0.5667197588528632,-0.042323421121214455,1.8005842380898853,1.4926536025438557,0.3707683699555902,1.6709884983049168,0.3212660730737758
Neuron_0400,2.1959513816355747,1.8508071427612212,-1.0216596555222357,0.9972737770425075,0.9451451183602897,0.13222375221236277,0.5407148005887963,0.3401899492693533
Neuron_0401,1.9248009806169721,-0.7722240924827766,-0.6756751914070078,1.374145733721227,0.6717656457415847,0.9327314196618146,0.22736136119289962,-0.2596980569636902
Neuron_0402,-1.5897566386554671,-1.3847333329393126,2.183485156699199,-0.10798174106740499,0.18614187158700812,2.6884940178695707,1.5622853794138434,-1.4964904428318897
Neuron_0403,-0.17904826551450892,1.9841937121313187,0.8453839688652337,-1.8729989419876414,1.4469484048834538,1.603714893738087,1.0212309516344718,1.4492882769515807
Neuron_0404,1.3877155879037564,0.05202783337262884,-0.05843608295552094,0.08830715809258516,1.2402760811239106,0.4541692850103299,1.5490235625862911,0.22427066244915406
Neuron_0405,0.9519525228374517,-0.86324930309736,1.8775009265115266,1.7803298579000206,-0.981343503688413,2.6206018403599276,-0.4348914261565717,-0.17882329377525674
Neuron_0406,1.6750109957236654,-0.9761329702986894,2.9470168277902067,0.7468121452860502,-1.2142268557125795,2.4376978443514723,0.8530956241019556,-1.6870055389162608
Neuron_0407,2.901554514569839,1.7797261525601622,-1.065100401692634,0.9131389251991675,0.2835227180338623,0.38611165317239265,0.4000121753516822,0.685370111228762
Neuron_0408,1.0974774485074357,-1.0705963602344801,3.3080509574919423,0.05655186440816601,-0.8710844807951315,1.218203015094515,2.313741878096164,-1.8132163575830962
Neuron_0409,2.2798174541720475,0.9429471462992522,-1.34222645048933,1.0127174849413434,1.9062977912325874,-0.03867396589241559,0.3926797269065264,0.6442626298789536
Neuron_0410,0.3831087747243639,1.7632371217953455,2.728099073073818,-0.004499877653091622,0.4360223342296834,0.5271710661657236,1.575456125104878,0.3955427957448583
Neuron_0411,-1.0929594274878032,0.6133591642815368,1.1832656284715217,0.6636144327672295,2.100855677056617,0.3289151123899857,-1.3481942457432192,0.9522397830801492
Neuron_0412,-0.7110416927568031,3.0705569063509226,2.3419384102393366,-0.1351902543126972,0.7346841919540135,-0.06234601119475314,-0.3733983830289893,0.32362312165368445
Neuron_0413,1.8195463831451166,1.2433203569489417,-1.4100751962901512,0.6805901325129091,0.7247031483457451,0.2029202300192431,2.0492150163310052,0.8856427478164415
Neuron_0414,0.5589252759937556,-1.5969558028456396,1.6432744033243845,-0.1087016706633181,-0.3720515320155462,2.2692989653018745,-0.179921588580098,-1.8285416226140023
Neuron_0415,2.9636060412849248,1.0633720382433116,-1.6336071304823887,3.384656945278521,0.7768466141481883,0.10746716745072638,1.5196198048361076,0.10592362707185116
Neuron_0416,1.4179410545428845,2.6973399880527524,0.3025646956942005,2.1575497608869414,1.2610313533745687,-1.0026539122893476,2.222024153392219,-0.2745061264093994
Neuron_0417,2.2266294385205168,-0.3115119243716551,-2.132687080518016,1.7546329621224919,0.15272058624407348,-1.7913340570378187,1.6324876023576604,2.0960646168406316
Neuron_0418,0.11164820686404942,1.7941456917874619,1.5070762453575566,0.21016500542713068,2.6977024158679255,0.725171424939441,-0.7726578274203406,1.640491845411629
Neuron_0419,2.4431010562230657,0.8935388463909865,-0.5960681960549954,2.6038658638035104,1.7676165619543092,0.18192845874887065,2.575287256018343,0.0908433902188664
Neuron_0420,1.7983787589035045,-0.5659876451715595,5.116820897771672,-0.6539855414259823,-1.2514762017738732,2.3350382625604382,1.8177872423831936,0.3601111873400149
Neuron_0421,-1.5346997466396273,2.7239348149551077,2.4299704037455965,0.06371826577651807,1.031202926460544,2.1262070442033583,0.18345994505233099,1.8796676158323018
Neuron_0422,2.163478149767163,1.180886408035497,-0.5629886337915022,2.0126281074021133,0.8249078823559821,-0.8788199802821131,0.36112668413792626,-0.20162900292183372
Neuron_0423,2.1777057940395617,0.9784353308518341,-0.32772496536900064,1.9006505068368889,0.2981432592664969,0.9725281346762784,0.9858313383620204,0.053258412174792824
Neuron_0424,2.385908989865962,-0.4692081619000583,-1.1324275597783355,2.2848582389534666,-0.5899375432496885,0.6940593575465248,2.408909253087308,0.10443572974100135
Neuron_0425,-0.766549786058952,2.895269667880821,1.126568649565184,0.19422041642094523,1.2630809638954628,0.6179181653334564,-1.439469171459979,1.6741177593558427
Neuron_0426,1.4263752420524396,-1.1472903456937313,1.4830006720700775,-0.5661654578294526,-0.38432046290356764,3.4752931307154156,1.8149799994515181,-1.509517240521002
Neuron_0427,2.612947173480227,0.8084010915306029,-0.8026281738913652,0.7332327154437891,1.9267590753970847,-2.2313663339965313,1.8382873602234153,0.029004049761970463
Neuron_0428,0.1717274148387098,0.3538521248942501,1.9286951262399588,-0.24405532322272822,-0.8043153911356242,2.3310779086497906,1.1465153741657044,-2.4590871444287083
Neuron_0429,1.3074414552945877,2.0250670851716155,-0.44017856869159083,1.8608698269630577,0.5908630342615699,-0.7275981569386156,2.542055559900329,0.24944651435913548
Neuron_0430,0.1453040963782985,-0.1230861069157283,1.9221117129060916,-0.1757818750191974,-0.6918026527864816,2.000216083270544,1.7076890783225716,0.47333527151639054
Neuron_0431,0.7689985970818964,-2.90244317020064,2.761039154745249,0.33030399559167906,-0.6652399805188338,2.1967578475169365,1.4770573698601606,-1.242089674444311
Neuron_0432,-0.5095646321833711,1.5663353622443992,0.7418509314886594,1.9190251620979133,1.2273140449750133,1.0801143299680611,-1.996528200700294,1.4931747320411375
Neuron_0433,-1.746580440551468,1.6460216457199912,2.336051732616899,-0.122392345297541,2.2547276196598554,-0.4169638707134904,0.6695161358632102,0.44649495124649974
Neuron_0434,1.722848651435092,-0.18276490721481098,2.961866193427744,-0.3839878247267053,-0.5787281241443816,1.6232628714841122,1.5232316572042335,-1.3998978072684478
Neuron_0435,0.36911159474207333,1.8974273207876706,-0.564885725239489,1.1121596803982103,0.35173821373618586,0.08676766109341455,0.4849949293644221,-1.4041404467792349
Neuron_0436,2.3257038425666208,1.4152823983654574,-0.6597054597421064,0.5816776998479929,0.8711484327114283,-1.371625894650871,0.37821552264987246,-0.20055834920332893
Neuron_0437,2.675151256713245,0.7099112396504663,-0.8582931294211684,3.063754012328997,1.0819699977509711,0.07119560837986083,0.90423940383298,-0.07709733410942221
Neuron_0438,-2.7491251520137205,2.7749924255388465,1.8586477646051034,-0.6433327945707307,1.6902186385309954,1.5889154098088443,-2.0437680584638827,0.9280949347569555
Neuron_0439,-1.9090422903140243,3.417207425989397,2.200524425482641,-2.2621541129082914,0.5889906986880196,0.894123461314011,-1.1779521696579398,0.3404942335384893
Neuron_0440,0.5558097901203916,2.2500319311860633,1.8798530582904731,-1.0536119593857711,2.377819317742402,0.6956537912143905,-1.0266745389659997,1.8888015678602077
Neuron_0441,-0.8031980520482398,0.27762228788078613,2.6459113717791007,1.3247553670243395,-1.5603358052950547,1.2614679007774456,0.5704798227201502,-0.9997618618681289
Neuron_0442,2.052786641534597,0.6284705446150556,-1.3112553543082237,0.486722984215326,0.7612128796234753,-0.57246942367088,0.6515144061133901,1.6376715889052877
Neuron_0443,-1.0658605425541872,3.0160343471415403,1.0733982538538427,-0.3041789729610745,1.755619186994932,-0.35809784761449825,0.3426706450111303,1.2918771143740673
Neuron_0444,2.5971345757063684,0.3983770220307524,-0.6318755052638118,0.8065181120613162,1.7887987862107149,0.049127477960540566,1.4936428213447104,1.4865473176839834
Neuron_0445,2.925073037519218,1.6122740289090283,-1.6373818776299702,0.9434567043866531,-0.0031105088090821464,0.38202695490063937,1.3365215534000412,-0.7124099469044759
Neuron_0446,-1.1509953704089821,0.8047101314249772,1.457474809544192,-1.8242980031897478,2.2230619947076904,1.3023701008272588,0.7263587946775052,2.0782986315978738
Neuron_0447,0.1616685953419978,-0.3455439253804111,1.3818688952438571,-0.46997808294486837,-0.43348597433991193,0.273400269801658,1.4702713720528935,-2.0162106336947367
Neuron_0448,-0.9189543558773892,1.1378109135621892,1.839398509964151,-0.4845380610660883,2.9202927335050646,1.0053876272812976,-1.414914243969173,1.2024913153381735
Neuron_0449,0.9246108823866148,1.324909803764352,-0.028119802947782158,3.4753568293542543,0.3025312075164762,-0.4142356589401462,0.7393931804494274,0.5696909609049793
Neuron_0450,-0.694647572416309,1.9573001244571915,2.3690607334984257,-0.9935836030038221,2.5889392383125696,1.430798282912866,-0.8096239359191573,1.1480506873942835
Neuron_0451,3.9413342069850956,0.34639307940633646,-0.26165345842526827,0.899824743806294,2.2284965988970447,0.509461063039363,0.6573200969270847,0.8100759947449827
Neuron_0452,0.7061565770212443,-1.413299809579791,3.1065313737825386,0.6114443128835281,-0.5274410288912381,1.966464231006137,1.844843594079721,-1.0164898708060324
Neuron_0453,-0.9527253335799861,1.4871872672099493,2.855012992609994,-1.3403359546788378,2.1421089751037963,0.7438074061588537,0.6076378155594397,0.6772139702209273
Neuron_0454,1.4117893905917343,0.22414554939053977,-0.24122795923951174,0.4015594723450866,0.417177204193787,-1.921892658283428,1.3923370833024724,-0.00017188700501008514
Neuron_0455,0.8095546048545175,1.868487522379247,-1.5461335187079515,2.1375549520225725,0.23916734080975643,1.0812571023163409,1.7996404311409169,-0.4064382966992225
Neuron_0456,1.2663339582317548,1.4844201641794479,-0.7099025045681334,1.3645259943829076,1.8177910894176783,-0.7989510986959651,1.2730350177403635,1.1637022349218449
Neuron_0457,1.1472939907084803,-1.127690134016538,2.2688752953178732,-1.0910523700167454,-1.5449959941321567,2.254687381259787,1.389694248846211,-1.1400583371470188
Neuron_0458,2.8314028877072484,0.05014151275018042,-0.68894424178612,1.6509687707289742,0.23667204994038726,0.9451816911419337,1.926869441290518,0.6321066616710045
Neuron_0459,0.43538542346286935,0.8008837763118861,1.4938189751154545,-0.20693042485275115,1.0683559625648624,1.2405716334541828,-1.6852659950303026,1.9524458546194023
Neuron_0460,-0.15373218549687462,2.217866720902663,0.017761747948043194,-1.2734348169328276,2.251768002570529,1.0169589148098925,-2.9552020941539903,2.394264307094592
Neuron_0461,-0.8906747949969341,1.344740268799964,2.2959644780533313,-1.0420320103255192,1.2492383059166283,1.286682120811229,0.6248307673938358,2.6988697423783092
Neuron_0462,2.2877691991232854,1.3699085270802558,0.13319914566786006,0.49441305970452065,1.3153186697215862,-0.7872587745148225,1.4547824534372644,0.21802589791413016
Neuron_0463,0.9009666616913715,-0.9055172279948319,0.04157578334296019,0.44311336936414447,-0.18627763816058973,2.356742678670763,1.4179312430331363,0.1137293535443249
Neuron_0464,2.2490985032973287,1.350138640154485,0.335593515240455,1.790074399757279,0.08158579726863713,-2.150669931023698,0.8183032783855348,1.0087564207048931
Neuron_0465,-1.2824770651342448,2.6409426978253836,1.6189825407362184,0.5304528562097477,1.5638266343034712,1.3740918612541504,-0.39529194837171266,2.6012814981049543
Neuron_0466,-2.365309845067422,1.633273380357474,2.178812884310803,0.7367171838229185,1.9920572101136642,0.7658366684628104,-0.1943053050604442,2.094962140185346
Neuron_0467,-1.2877293429338459,2.264245849742037,2.4444218099295756,1.0123671946195616,2.3940839673882337,1.0353111173324745,-0.8432601408303266,1.8459172457548982
Neuron_0468,0.4074617260164399,-0.8482876007820894,1.6536989883753002,1.3376457571929272,-1.6121477817189427,1.65431059163759,1.578074608681451,0.39278950391091105
Neuron_0469,1.6618536121181382,0.4671873488316829,-0.940653533867035,2.8271177340890503,-1.449877594804817,-1.0021904097188696,3.3850309673276415,0.8727056587933095
Neuron_0470,-1.884787959471376,1.9664656142601828,1.5539636528542893,0.17690019672448476,3.271601602258051,1.3108413450233725,-1.2318306424103687,2.0296675536785633
Neuron_0471,1.4413978425097111,0.17333000320877645,-1.907927097565156,0.24789728439967917,0.08284387510058244,-1.1422318141606969,1.4505892218997738,-0.5595214606592283
Neuron_0472,-0.5149330416197953,0.16487058032842739,-0.8774877181771354,1.0156404097024276,2.0156197434473473,-0.6908340474313202,1.9047387705593584,0.38481392025531064
Neuron_0473,1.966156219461921,0.3316957689215704,-0.5470261212646137,0.8879230984820664,0.9360194514036565,-0.38899970609895057,0.4442976534467198,1.1935154717604761
Neuron_0474,2.3414723840171403,0.6415498126862014,-0.383605562371752,1.432941982798429,0.10592725018938087,-0.14360301678306894,0.7031905961541003,-0.3559470684960794
Neuron_0475,0.7017861357867801,0.7131141171690953,-0.04642347233302124,0.9442725172969123,2.816566953726376,0.508548522922186,2.2434641061283824,1.0361944096590068
Neuron_0476,3.4822919799508583,0.3703984132219662,-2.5485899085268975,1.1430995133176935,1.2465748604380302,-0.07878642260161724,1.420378088774227,1.4567280021358981
Neuron_0477,2.30564605957,1.6391303420728174,-1.2516501934822073,0.6236850486271706,2.0912911384195905,-0.11927877188234572,0.7014166532430921,-0.09711559483769455
Neuron_0478,-1.519298497310606,1.4328327831633265,0.47348175791707203,-1.700336321776407,1.6439964978764647,0.5256593037436804,0.0857274283546362,1.6344613226135332
Neuron_0479,-0.7877458559376135,1.4055036739564395,1.4031772673760194,-0.21119911709484773,2.3729565917701403,0.9248865387853076,0.06329902345936722,1.406391447126354
Neuron_0480,2.634277694814144,0.6081182331286797,-1.9500706932549134,1.7146871904148182,1.3802592505173004,0.2602778654460556,1.537749329149952,0.1211304272360102
Neuron_0481,1.354602998843526,1.4413826152350244,-0.15884206704137993,1.051280727324939,1.6875393513536456,-0.9062924116380804,0.7331812969671676,1.709140169873332
Neuron_0482,2.69486555018713,0.7135925552871819,-0.2700954322851596,1.6238337956190707,-1.3964910919819025,-0.9251791595787053,1.1593227063125748,0.11471081875255507
Neuron_0483,-0.8023179481356635,2.903585850358336,1.242771372276858,-1.346123836898292,2.0598813268088363,0.7387013331457573,-0.9248508006575222,1.166581024677537
Neuron_0484,3.793470240008789,-0.7925634087983562,-0.8106671225061169,1.4970487794812863,0.175086006173777,0.5198606657026266,1.8506061429757115,0.3617963052091675
Neuron_0485,1.7834609957250447,0.9104345326146824,-0.5838293229182485,1.4373015774993898,0.6496007187865604,0.001959451673914231,1.802569651862292,-0.5842081180788615
Neuron_0486,1.1594688806134807,-0.39881442358681896,0.19311792028607966,1.7002586345523705,1.2042140127462166,-1.3435985906907748,2.6279584983041104,-0.08708072651628618
Neuron_0487,2.1345646456890046,1.6835077285426976,-1.2895838046368575,1.0629405131898666,0.9433374196806994,2.085978460371765,1.4408997942816195,1.6850889205045747
Neuron_0488,2.9645385161535645,1.294408029195615,-1.291356617304543,2.347802888654588,-0.3984882733184376,1.0807000989416737,1.3600042465746043,-1.720178837838541
Neuron_0489,-1.2724048760254711,2.5231582567383524,1.3103809015681867,0.07200464879485868,1.1199806658301636,-0.04478589823008594,-0.8571563224380844,1.4252525338319317
Neuron_0490,-1.278707480849857,2.981832917313754,0.8198340998887539,-0.24946751413412044,1.8543759769309003,-0.2453727617088668,-1.8552241469348099,1.409528812998905
Neuron_0491,0.5849599989495713,2.463415849519049,0.11949213988429364,-2.9883904520954703,2.386442874403504,0.9230292136574407,0.11301277560829559,0.6954256634308467
Neuron_0492,-0.719830001713179,2.6769387704222902,1.1420290894348146,-0.8408684561848523,1.8202102648787124,1.434141077248263,-0.8114672036095288,2.1791970702075893
Neuron_0493,-1.369548151413624,0.9372838356295123,3.0815802944905437,-0.9837069892339572,1.3452463330258022,0.9473573431422525,-0.7462551122768151,1.0906530860093735
Neuron_0494,1.9860528824407928,0.9681902148574608,-0.3601445383833544,-0.385989967189853,2.3047010456062793,-0.31783065082764606,1.6644980955575883,-0.7024810732272194
Neuron_0495,-1.3768002089994003,1.4621473069436683,2.6757790116068363,-0.9686508854687063,2.406463989552073,0.47966363786144384,-1.1620951517231553,1.2035598678394512
Neuron_0496,0.027076101463440194,0.488117872775905,0.44746915578045376,-2.0578441325518533,0.9299983041908397,0.35071995904631414,-2.0915850032723116,0.8126818027082647
Neuron_0497,0.388228415253268,0.18560902098585497,0.4603363199281605,1.8228704562248823,0.9499741377380222,-1.0022228450232917,-0.028867967235779446,-0.5113248604274245
Neuron_0498,-1.034567861516812,2.6945414237813345,2.221893933708256,0.00448988998666644,1.2099545087456447,1.0196398659231904,-1.0570740240297969,1.2390481892041998
Neuron_0499,3.6297023175678502,-0.40960018960289,-0.6877414527378087,2.4693991257569254,-0.3727131960268306,-0.7149979402130004,0.7767692019458883,0.22136822235681242
Neuron_0500,-2.2767657276849738,2.4762288482704315,2.033029826010515,-0.09329973998564184,1.103701060567135,1.069208632629836,-1.5195521916552701,1.1339226713827897
Neuron_0501,0.7227743417367023,2.076556302077005,0.5499787392102613,-0.35573172746886894,0.7185632591493523,0.040791685987990545,-1.6328985087590329,1.044552438243453
Neuron_0502,1.2495751964713613,-0.5372814415865287,2.9183962625978626,-0.5791396524724339,-1.1330514843485189,2.2176008855065508,0.9973440116892697,-1.4226931522408788
Neuron_0503,0.8530869540239596,-1.2790181449610416,2.68084767128162,1.574182764815655,-0.837487039189598,2.943470247775365,1.9474960538458865,-2.3737935947894133
Neuron_0504,-1.8817096234108193,1.3331232935440829,0.8161320664537732,-0.5722317968854513,2.291715238465458,2.004126733363778,-0.5534599290199342,1.043456355157432
Neuron_0505,-2.6657929949038994,2.0564716603338704,1.5206161549559931,-0.3536569971688338,3.4849922381626666,1.9924772369544579,-0.17195126540001138,0.6303382959427201
Neuron_0506,-1.4103957993573948,1.9241243144571982,0.879674300791717,-0.09962838001190555,2.0855270793725635,0.129353765556246,0.15745336727689951,1.4818482670470883
Neuron_0507,0.6167430826061988,0.9589257133240244,-0.27503483526167616,2.2782338891485923,0.5300188774987069,0.46235061395776583,1.3497135894161725,-0.6520436872300636
Neuron_0508,-0.632133418786011,-0.101952103880521,3.4567873427054154,0.5583273843237784,0.49656537694402303,2.845287879233285,2.046902983583777,-1.9290491909869374
Neuron_0509,3.3851430008258747,1.4290411457666183,-0.8086710196892973,0.9653839957557616,1.0054270252110855,-1.5368472678707639,1.75973862028229,-0.3628566517552215
Neuron_0510,2.2964864870594295,0.5827037301134723,-0.7115349701797629,0.8944721017879481,0.6710164550553588,1.3115036368138833,2.3080477016389125,0.6835831639963654
Neuron_0511,1.979764587548038,1.675360952554308,0.4039763152860453,0.8361452942339765,0.7380489058942383,-1.6575665836544642,2.098481688208716,2.0520194061606847
Neuron_0512,0.5640660996984684,-2.700008099922413,2.9871124132616247,-0.4232713329192643,-1.230679553331568,2.501261111832803,1.7036433004101794,-1.5904870202708814
Neuron_0513,1.4803154939186685,1.100668844176666,-0.827572442009894,0.6126102931175941,0.533949454817312,0.07167409860414731,1.0575172265442934,-0.7308068785985481
Neuron_0514,2.7912516971004315,-1.191049149554667,-0.8570921240227483,1.0038412363568674,0.918543102297132,0.2493294462421884,2.101411846608828,-0.1699238986817282
Neuron_0515,2.4692658698667853,1.156654710305169,-1.8692315001465787,3.020432204347288,-0.3510201017921595,0.13559781784777197,1.5119679553581982,0.6205094258632617
Neuron_0516,1.604338494270714,1.6618021209124019,-1.7482939791544765,1.4473369690608617,0.3489002587580332,-0.7418383536536253,1.5429982299628366,1.2619828341757464
Neuron_0517,1.725395390530507,1.6245448719406221,-0.4602074676443212,0.7858142326095932,0.593638325407149,-0.43958871263329197,0.6426720699956426,0.742786342924667
Neuron_0518,-0.8122830498361926,0.7274802413844654,0.17877920380851364,-0.16025243743539647,1.1477708569643723,1.2416329240802593,-0.1752547375126493,0.3832377300755525
Neuron_0519,0.870770196339052,2.3395453459162363,-0.21874337363003277,1.1646074746613833,0.052847637882989185,-0.6083526791258237,0.24754213110935175,1.1067297392724722
Neuron_0520,-0.12140092288505677,-0.1251723294269863,2.179496864183991,-0.5346801468938518,-1.041041270411041,-0.09933342200113371,1.4033851386607945,-1.3360953529041268
Neuron_0521,1.1597941972383743,-2.509043942386704,3.429493088690838,0.9564794359981248,0.30163485095893017,1.9578228991966902,2.3111174672822044,-2.376995227925524
Neuron_0522,2.5704380521636265,0.38306979032004373,-1.821121465938349,0.6006875854685114,0.8044249109034165,-0.8594393665740827,1.50085882535664,-1.046590044003214
Neuron_0523,0.29832196510731057,2.097909947314861,0.22304010352114756,0.6605625312689539,0.7976002852235684,0.6156056481610592,1.5353604866324844,0.5185784769467827
Neuron_0524,-0.12387673494992235,1.4154300198390235,1.524942758931703,-0.5142789106339133,1.581790361863166,0.6881555908633983,-0.7417054097372074,1.427525996788422
Neuron_0525,1.1612578859723794,1.6414367279203579,-1.2811081662130066,1.3254132443622608,0.5637756218239589,0.0864828901273727,-0.4952831521738663,1.1127278519435666
Neuron_0526,1.4584077219102687,1.9759706358216436,-0.8825319396129235,1.4609251314127916,2.3310288320547388,-0.42187056703493475,2.191079907738767,0.4312360684516481
Neuron_0527,0.8323350642347918,-0.9440331284709004,3.178281301040099,-0.24842529028244104,-1.4872388184153484,1.4891390476983826,1.579768301059273,-1.3766550284402634
Neuron_0528,1.068219901176941,0.04378535985721599,1.719329330211993,-0.28715903329114606,-1.8489915346502832,3.624298392607283,1.7437355992974615,-0.8161581439587378
Neuron_0529,-2.072166708024839,1.9990640087945002,1.9073983875304683,-0.70220615242754,2.660564499861116,2.849464900514264,-1.5576502616751615,0.5823302032186425
Neuron_0530,1.2977951475771388,2.2849593280131923,0.33388425362374763,1.3915777457650813,0.8292477315206994,-0.8532349009573772,1.9120217261945474,0.09607854071315702
Neuron_0531,-1.2080612315639994,2.4870318172234054,1.349604049533423,-0.6879727947982771,1.80846016442326,1.6362843310344615,0.5171944603870666,1.8683889857968654
Neuron_0532,-0.3573486211005864,1.8401167503191005,0.9337617094650265,0.023188985788092142,1.9369926596804572,-0.13810291899979954,-1.0624556987404785,1.3336823812147571
Neuron_0533,1.591633706377217,2.185388475633702,-0.11612877047822656,2.598539934310918,1.0107402093217277,-0.13488973085993783,0.4507217459118006,0.4095436265572534
Neuron_0534,-0.9895568594596479,0.9063088927726135,1.068378024183684,-0.7586260788130899,2.130783635244577,1.3690800895885649,-1.2650547855721639,1.7750956820335078
Neuron_0535,1.8543368565211864,-1.2956960198839655,-0.887761625561234,2.363190912113903,-0.5454446053021438,-0.10984703966756783,2.46820897134823,-0.2084903624083846
Neuron_0536,2.0017192643421486,-0.043213005782337,0.8017849133308577,1.4333338984027086,0.8373014742352146,0.8834403724044979,1.7291827157163848,-0.3005029859973919
Neuron_0537,-1.5178223392698529,2.3959450436186387,1.000703155949648,-2.1937946496964216,1.7574073610887377,-0.18417012889984763,0.49302540285098084,1.5414301102105221
Neuron_0538,1.2758599546051395,0.44109406827003694,-2.0115180702991364,0.620430490575597,1.6130585620325595,1.5854289163939133,1.7811172105591666,0.32636596910317667
Neuron_0539,1.6544324994768667,0.2348033491389101,1.1478127194717924,1.3490010385085,2.4925038640500032,0.9148156076880489,-0.192637145077019,-0.13276191660743342
Neuron_0540,-0.035236099339057914,-1.0638770912845916,2.451748597508997,2.696991276318514,-1.561782299579807,2.183175948531512,1.9932061939742425,-1.2012576035753568
Neuron_0541,0.5881444622250864,-1.8358471154452698,2.5851889556821455,0.7091191969394975,-0.43791953258309707,2.456160723129673,2.630086320508986,-0.45042676646852653
Neuron_0542,-0.9429643092020504,1.0625933184933776,1.0199957802311044,-0.6757049215339322,2.001876665073158,0.6173337908004839,-1.5485865593474815,0.44944104870373014
Neuron_0543,-0.8209422072444248,-1.187960563019655,1.324267646343756,-0.5004205473259138,-1.015121498275442,0.9312661524868528,1.8038017507989577,-0.6078215491154502
Neuron_0544,0.060458384179681135,-1.3496218460880014,2.929943816111262,-0.2711960777877433,-1.326187129277836,2.9571987825490322,2.2073501909702298,-0.7187599981248642
Neuron_0545,2.740515697115274,-0.5818229802938903,0.5830684374344859,1.8136496932669939,1.608625107204588,0.1097294232930901,1.239139859744125,0.17975263011035636
Neuron_0546,2.2937155015089643,0.7506016728763583,0.19430088005209,0.23083468435823962,0.3667393105645778,1.4358585987813173,0.6991356291420859,0.2090530215492176
Neuron_0547,1.293935253319939,1.2686765383086591,-1.0890119121137558,1.35151125215436,1.4790932288280565,-0.7590107350518527,1.8308888954121767,1.0577834524482852
Neuron_0548,2.843964875775435,1.1124327959344322,2.0930072615814286,2.3436269572336657,1.0599020995254613,-0.9007395312653881,1.1223526993006872,1.5410615815200273
Neuron_0549,0.3676276925010151,3.1826632803521835,2.1281538453836957,-1.5045281650364577,2.189729454260536,0.0068780975576018255,-1.989976954704607,1.5913269476617908
Neuron_0550,2.4185595578158003,1.7227016787846439,-0.10229100769112481,1.9252687885941986,0.012277932006098835,-0.2839813477477331,-0.00569342850759047,-1.2026953035201564
Neuron_0551,2.592514167874459,0.397500484967233,0.19799880171444284,2.386678062304031,0.3045461403014419,0.2722488756442393,0.6710746171090867,-1.0767030997014593
Neuron_0552,2.0986475235539666,0.6233008962273914,-0.8520712084697054,3.0802744942764204,-0.4206855861861374,0.10629690829717686,0.40415421028419873,1.1266091274138597
Neuron_0553,2.2387449889400526,1.303475479344491,-1.2559116940818078,0.8875296693693412,1.541800405876709,1.2166381773820503,1.5842462537793498,-0.31793657661714625
Neuron_0554,0.7711508179696547,0.9419776354700877,2.5819382485751294,1.4694726875148796,-1.2922634926709695,1.9663311586908905,1.995652164900434,-0.8821373533897087
Neuron_0555,1.3868890559110714,0.3523860342955203,0.29062752248212687,2.453240650120116,2.009714846497536,1.2431443866022944,1.307695549058077,0.1510406046147253
Neuron_0556,3.0807927510227753,1.5704554254812693,-1.2859642069340733,0.6730914675848708,1.1935441610850472,-0.3418197291871997,1.1788560362074418,1.2580266917681557
Neuron_0557,2.6072297159880287,2.0638985987347453,-2.0452288850986933,1.7027183337769607,1.3557508179177655,-1.4212686853501473,0.6760834869520223,-0.2723881298631352
Neuron_0558,2.017358536847933,2.3022831749552513,1.1180715237319205,0.8485699575413741,1.2212458003948594,0.24703828171385211,1.5101006172117981,0.7191837077913873
Neuron_0559,-0.7570059980389375,3.350056096645136,2.3819732114944463,-1.3481231180786137,2.4365768647044392,1.7138986996091616,-0.5480261702785689,2.3051394964021834
Neuron_0560,2.15045922743923,1.1603741768610005,-0.40300756425836537,-0.11459526863973513,0.7356812848753008,-0.7346004595636566,0.2508416174459541,1.5472146277916181
Neuron_0561,2.4033660148275664,0.9761351352443618,-0.9518426808819411,1.7369356677029921,1.5931488746540106,-0.8615726748375527,1.196137302178712,1.094453199080938
Neuron_0562,0.451199096732696,0.9539441900756768,-0.8434330964380309,1.3929361137959728,0.39869715490247765,-0.08990031583416352,2.7389017763381744,0.1408620208571592
Neuron_0563,0.7333688072752853,0.5957971347272903,2.059987537301956,1.7517402791431753,-0.6957415946983142,3.425516980691941,2.1001608999570553,-0.9543133099340626
Neuron_0564,-1.0525045455092692,1.5007668480966316,1.5606332399714822,0.21788916721601936,1.7895108552026635,0.7467017559505138,-1.0006260273422183,2.1939812908664424
Neuron_0565,-0.019870835920115404,1.4662795889853038,0.9651297140420082,-0.1965128642663101,3.022025651805804,1.916792246650048,-1.8014817697439294,1.1887392240065102
Neuron_0566,-1.74448284375161,1.7859899824677934,2.7835279968282833,-1.6380805190264138,0.5049077653758478,0.33715667725311804,-0.5701515179392058,1.8966038565126053
Neuron_0567,-0.6500412521107735,2.9405483225848132,0.08953152461285652,0.4506692306871497,1.550323743962967,1.585195447843894,-1.8587403414105637,1.4039653576072562
Neuron_0568,2.189016616471211,1.9246008299987345,-1.7682036980862124,1.5246020388279233,-0.06818823291371445,0.20439683536662007,1.821773229164901,1.4297361940064701
Neuron_0569,1.5719764365533004,1.7417811885510324,0.5887212699816426,0.18540242411562646,1.2898759360787606,0.5668090030240849,0.99301889089005,-0.5686188620200868
Neuron_0570,-0.2456353951122694,1.0403929379537944,1.357318852391278,-0.5320992462426632,2.3724304413632,0.49869475238997396,-1.347666951062284,1.4791323830104885
Neuron_0571,2.8051123820957993,2.829960000522518,-1.7059849598230197,1.7522736142292625,-0.06922802098743353,0.6150489945653941,0.44916436215261357,-0.139718574545859
Neuron_0572,0.02858331274880299,-1.0609591509758431,2.758558077486966,0.6869611148868109,-0.7046140369462266,0.9360871820475349,2.082228920248151,-1.2423669309304224
Neuron_0573,2.9293878320117592,0.43380897641605065,-1.7818197818807957,1.4727791978535398,1.836762150627412,-0.07124629070715935,1.0402641606617147,-0.29627761412594655
Neuron_0574,0.4062131733446579,1.1763179240921766,0.919684593897408,-0.04397264313278171,0.3151834480905682,2.019672532305072,-0.30064550862611555,2.1193848574488876
Neuron_0575,0.9464936095597234,-1.1288988139650962,1.6494810318756616,0.18793964702003146,-1.480189049402108,2.388924248061107,2.1454238644384813,-0.018553095041433876
Neuron_0576,-0.7025858875577093,2.739660285276149,1.2622842102158862,-0.8826217104065559,2.1789375126534414,0.690821701826473,-0.5846513689378738,0.5510462485316631
Neuron_0577,-0.2053021459810409,-0.4916725591853678,3.209352060324877,-0.48852493517334444,-0.16350855159486333,1.5738114615717802,1.513204140960248,-0.06644446736748222
Neuron_0578,-0.35401021278164113,2.6366975904177545,3.0270322867655732,-1.0631034728398383,1.0113000200059634,0.4223021838171275,-1.003600842725292,-0.48364049143351506
Neuron_0579,0.3340574106425517,-1.4356565855159296,3.1270078139182393,0.581935503208032,-1.1805573022154696,2.4719686762903232,2.078610447859016,-1.8148366318331286
Neuron_0580,1.6055805956940652,-0.7802905496783863,-1.372527979495428,0.9060243516611373,0.8593329412848174,-0.9563061434878521,0.7892384103607127,-0.5802645452660793
Neuron_0581,2.1368911188250164,1.3405716756679262,-0.1781077212641421,1.5098889055242075,-0.4328583972011155,-0.6959629311142808,0.8741546621452123,0.07736374966349974
Neuron_0582,-0.9400150256081309,3.140433097896815,2.14967697014768,-1.2900142238789556,2.3427223002373068,1.512241894132589,-1.444853978361252,2.079092738108351
Neuron_0583,1.8716986912437894,-0.1279627920115558,-0.13583782029028652,1.6735694588916195,0.6178578966513378,-0.2299624679866396,0.6247316168892304,0.8881044030376876
Neuron_0584,1.9652394923928593,1.1331590751585823,-0.21428646045690197,0.57633150845894,0.08457358249435842,-1.9679555676929674,1.6517938067923257,-0.5697680189974131
Neuron_0585,0.6060557679165218,-0.7032094200483577,2.9818822711140163,-0.6632135310688474,-0.7521292945125528,3.3362243366301993,2.8714517439874534,-0.41014152477843924
Neuron_0586,-0.7300054889449283,1.195914888923698,2.0748973003128426,-0.6264169829974727,2.2484226202182755,0.49372523611830665,-0.9383464902719432,1.5313178880611398
Neuron_0587,2.1970224731950867,1.3949781715681986,-0.9633559876199196,0.4253724383118378,2.099828031919836,1.7914033352186864,1.557936568961903,-0.6591936757840885
Neuron_0588,1.3814439065256985,1.4072940552407753,0.5728924893450287,0.529687492366515,0.700533743320879,-0.04325434844482476,1.8916627610286998,0.12511912447969653
Neuron_0589,0.7489482469424602,1.4969580475623219,0.3998367721369904,1.4339268306038715,1.1241920730451451,-0.5795929835416566,0.5233817642192845,1.221140544437775
Neuron_0590,2.3099966782515686,1.392294879521506,0.7016921183956906,0.6561261325451415,0.35837898547246233,-0.07365332093224358,0.7485494097910064,1.02650922821796
Neuron_0591,0.3500806232768128,-1.7940262459977516,2.552617340150129,0.43627101664543033,0.04774565031706435,2.3145127225179394,1.8689171130878686,-0.9437666527942201
Neuron_0592,1.8494219829664558,0.42702470791098823,-0.2689293186724992,1.2335001872930875,2.1518580963528127,0.873745835818575,1.7062713058812866,0.7027735514343885
Neuron_0593,1.9296327592150584,-0.008898985077708144,-0.6729377786575725,1.5811200267242054,0.9835651795557299,0.17562909361266088,1.9370641583021482,-0.1537232573542937
Neuron_0594,-1.546460485767209,3.160685343794527,2.116785271354519,-0.812616753706657,1.7142310648382106,0.9178288426600811,-0.7747407021748937,1.7781464737908905
Neuron_0595,4.027994196879865,1.151805248930122,0.030078520340200643,0.15081863504788573,0.41208000577693205,0.7830520021732841,1.5218523130852928,-3.11129166789187
Neuron_0596,2.5392185618529575,2.5345315157030153,-2.0967260688958347,2.71551014051641,-1.4175645045007423,0.5503991560427306,1.1930810991902079,-1.479976972195693
Neuron_0597,-0.6430897382081708,2.9206717993216467,1.7911096030572584,-0.03213789035230952,1.4706591101287507,-0.48911180417681765,-0.24650878213034866,2.7998031355570365
Neuron_0598,-0.09633531661803274,0.40969933631892297,0.28808447423125294,-1.1767741934378724,0.5256196389758854,1.0353519356448313,-0.4852673558555818,0.25579737340610587
Neuron_0599,1.1217027674204227,-0.5191168447839888,2.0614727001250372,0.16198241121281268,-2.2598409405224253,1.7341902749703406,1.5059079793042607,-1.0650019238174484
Neuron_0600,-0.6968984703838608,2.1953933945844577,1.2885250421874637,-0.27104404595654663,2.6016255946481985,0.9236015413522844,-0.5459240873346587,1.2510631498687053
