neuron_id,cell_type,brain_region,animal_id,treatment
Neuron_0001,Inhibitory,Dentate_Gyrus,Animal_05,Stimulated
Neuron_0002,Excitatory,CA3,Animal_09,Stimulated
Neuron_0003,Interneuron,Dentate_Gyrus,Animal_11,Control
Neuron_0004,Inhibitory,Dentate_Gyrus,Animal_09,Stimulated
Neuron_0005,Excitatory,CA3,Animal_10,Control
Neuron_0006,Interneuron,Dentate_Gyrus,Animal_10,Control
Neuron_0007,Inhibitory,CA3,Animal_05,Control
Neuron_0008,Inhibitory,Dentate_Gyrus,Animal_01,Control
Neuron_0009,Excitatory,CA1,Animal_05,Stimulated
Neuron_0010,Excitatory,Dentate_Gyrus,Animal_10,Stimulated
Neuron_0011,Excitatory,CA3,Animal_10,Stimulated
Neuron_0012,Interneuron,Dentate_Gyrus,Animal_07,Control
Neuron_0013,Inhibitory,CA3,Animal_10,Stimulated
Neuron_0014,Interneuron,Dentate_Gyrus,Animal_01,Control
Neuron_0015,Excitatory,CA1,Animal_08,Control
Neuron_0016,Excitatory,CA1,Animal_09,Control
Neuron_0017,Inhibitory,CA3,Animal_07,Control
Neuron_0018,Excitatory,Dentate_Gyrus,Animal_09,Stimulated
Neuron_0019,Interneuron,Dentate_Gyrus,Animal_06,Stimulated
Neuron_0020,Inhibitory,CA3,Animal_07,Control
Neuron_0021,Inhibitory,CA3,Animal_08,Control
Neuron_0022,Excitatory,CA3,Animal_10,Stimulated
Neuron_0023,Interneuron,Dentate_Gyrus,Animal_03,Control
Neuron_0024,Interneuron,CA3,Animal_04,Control
Neuron_0025,Inhibitory,CA3,Animal_06,Stimulated
Neuron_0026,Excitatory,Dentate_Gyrus,Animal_03,Control
Neuron_0027,Excitatory,CA1,Animal_05,Stimulated
Neuron_0028,Excitatory,Dentate_Gyrus,Animal_05,Stimulated
Neuron_0029,Excitatory,CA1,Animal_04,Control
Neuron_0030,Inhibitory,CA1,Animal_05,Control
Neuron_0031,Inhibitory,Dentate_Gyrus,Animal_07,Control
Neuron_0032,Interneuron,Dentate_Gyrus,Animal_09,Control
Neuron_0033,Excitatory,Dentate_Gyrus,Animal_04,Stimulated
Neuron_0034,Excitatory,Dentate_Gyrus,Animal_11,Control
Neuron_0035,Excitatory,CA3,Animal_06,Control
Neuron_0036,Excitatory,CA3,Animal_09,Stimulated
Neuron_0037,Excitatory,CA1,Animal_02,Control
Neuron_0038,Excitatory,CA1,Animal_03,Control
Neuron_0039,Excitatory,CA1,Animal_06,Stimulated
Neuron_0040,Inhibitory,CA1,Animal_05,Control
Neuron_0041,Excitatory,CA3,Animal_06,Control
Neuron_0042,Interneuron,Dentate_Gyrus,Animal_02,Control
Neuron_0043,Inhibitory,Dentate_Gyrus,Animal_06,Stimulated
Neuron_0044,Excitatory,CA3,Animal_09,Control
Neuron_0045,Interneuron,Dentate_Gyrus,Animal_09,Stimulated
Neuron_0046,Interneuron,Dentate_Gyrus,Animal_03,Control
Neuron_0047,Excitatory,Dentate_Gyrus,Animal_05,Stimulated
Neuron_0048,Excitatory,CA3,Animal_07,Stimulated
Neuron_0049,Inhibitory,CA1,Animal_07,Control
Neuron_0050,Excitatory,Dentate_Gyrus,Animal_10,Control
Neuron_0051,Excitatory,CA1,Animal_05,Control
Neuron_0052,Excitatory,CA3,Animal_09,Control
Neuron_0053,Inhibitory,CA1,Animal_11,Control
Neuron_0054,Inhibitory,Dentate_Gyrus,Animal_04,Stimulated
Neuron_0055,Inhibitory,CA3,Animal_10,Control
Neuron_0056,Inhibitory,CA1,Animal_04,Stimulated
Neuron_0057,Excitatory,CA1,Animal_05,Control
Neuron_0058,Inhibitory,CA3,Animal_08,Control
Neuron_0059,Excitatory,CA3,Animal_08,Control
Neuron_0060,Excitatory,Dentate_Gyrus,Animal_07,Control
Neuron_0061,Inhibitory,CA1,Animal_03,Stimulated
Neuron_0062,Excitatory,Dentate_Gyrus,Animal_02,Control
Neuron_0063,Inhibitory,CA3,Animal_11,Control
Neuron_0064,Inhibitory,Dentate_Gyrus,Animal_11,Stimulated
Neuron_0065,Inhibitory,CA1,Animal_11,Stimulated
Neuron_0066,Inhibitory,CA1,Animal_07,Control
Neuron_0067,Inhibitory,CA1,Animal_11,Stimulated
Neuron_0068,Excitatory,CA3,Animal_06,Control
Neuron_0069,Excitatory,Dentate_Gyrus,Animal_01,Control
Neuron_0070,Excitatory,CA1,Animal_03,Control
Neuron_0071,Excitatory,CA3,Animal_04,Stimulated
Neuron_0072,Excitatory,CA1,Animal_05,Control
Neuron_0073,Interneuron,Dentate_Gyrus,Animal_12,Stimulated
Neuron_0074,Excitatory,Dentate_Gyrus,Animal_04,Control
Neuron_0075,Excitatory,Dentate_Gyrus,Animal_08,Stimulated
Neuron_0076,Excitatory,Dentate_Gyrus,Animal_04,Control
Neuron_0077,Excitatory,CA3,Animal_08,Control
Neuron_0078,Inhibitory,Dentate_Gyrus,Animal_07,Stimulated
Neuron_0079,Inhibitory,CA1,Animal_02,Control
Neuron_0080,Inhibitory,Dentate_Gyrus,Animal_06,Stimulated
Neuron_0081,Inhibitory,Dentate_Gyrus,Animal_02,Stimulated
Neuron_0082,Excitatory,Dentate_Gyrus,Animal_11,Stimulated
Neuron_0083,Interneuron,CA3,Animal_09,Control
Neuron_0084,Excitatory,Dentate_Gyrus,Animal_12,Stimulated
Neuron_0085,Excitatory,CA3,Animal_11,Stimulated
Neuron_0086,Excitatory,CA1,Animal_03,Control
Neuron_0087,Inhibitory,Dentate_Gyrus,Animal_09,Stimulated
Neuron_0088,Excitatory,CA1,Animal_02,Stimulated
Neuron_0089,Excitatory,CA1,Animal_12,Stimulated
Neuron_0090,Inhibitory,CA3,Animal_10,Stimulated
Neuron_0091,Excitatory,CA1,Animal_09,Stimulated
Neuron_0092,Inhibitory,Dentate_Gyrus,Animal_12,Stimulated
Neuron_0093,Excitatory,CA3,Animal_11,Control
Neuron_0094,Excitatory,CA1,Animal_11,Stimulated
Neuron_0095,Excitatory,Dentate_Gyrus,Animal_02,Control
Neuron_0096,Inhibitory,CA3,Animal_01,Control
Neuron_0097,Excitatory,CA1,Animal_12,Stimulated
Neuron_0098,Excitatory,Dentate_Gyrus,Animal_04,Control
Neuron_0099,Excitatory,CA3,Animal_06,Stimulated
Neuron_0100,Interneuron,CA1,Animal_01,Control
Neuron_0101,Interneuron,Dentate_Gyrus,Animal_08,Control
Neuron_0102,Inhibitory,CA3,Animal_10,Control
Neuron_0103,Excitatory,Dentate_Gyrus,Animal_11,Stimulated
Neuron_0104,Interneuron,Dentate_Gyrus,Animal_07,Control
Neuron_0105,Inhibitory,CA3,Animal_08,Stimulated
Neuron_0106,Inhibitory,Dentate_Gyrus,Animal_07,Control
Neuron_0107,Excitatory,CA1,Animal_06,Control
Neuron_0108,Excitatory,CA1,Animal_07,Control
Neuron_0109,Excitatory,CA3,Animal_12,Control
Neuron_0110,Interneuron,Dentate_Gyrus,Animal_04,Stimulated
Neuron_0111,Excitatory,CA3,Animal_06,Control
Neuron_0112,Excitatory,CA3,Animal_08,Stimulated
Neuron_0113,Excitatory,Dentate_Gyrus,Animal_07,Control
Neuron_0114,Inhibitory,Dentate_Gyrus,Animal_01,Stimulated
Neuron_0115,Excitatory,Dentate_Gyrus,Animal_04,Stimulated
Neuron_0116,Interneuron,CA1,Animal_08,Control
Neuron_0117,Inhibitory,Dentate_Gyrus,Animal_09,Control
Neuron_0118,Inhibitory,CA3,Animal_09,Stimulated
Neuron_0119,Excitatory,CA3,Animal_12,Control
Neuron_0120,Inhibitory,CA3,Animal_09,Stimulated
Neuron_0121,Inhibitory,CA1,Animal_07,Stimulated
Neuron_0122,Inhibitory,CA1,Animal_04,Stimulated
Neuron_0123,Excitatory,CA3,Animal_05,Stimulated
Neuron_0124,Excitatory,Dentate_Gyrus,Animal_10,Stimulated
Neuron_0125,Excitatory,Dentate_Gyrus,Animal_06,Stimulated
Neuron_0126,Excitatory,CA1,Animal_09,Control
Neuron_0127,Excitatory,Dentate_Gyrus,Animal_02,Stimulated
Neuron_0128,Excitatory,CA1,Animal_02,Control
Neuron_0129,Excitatory,Dentate_Gyrus,Animal_03,Control
Neuron_0130,Inhibitory,CA3,Animal_03,Stimulated
Neuron_0131,Excitatory,CA3,Animal_08,Stimulated
Neuron_0132,Interneuron,Dentate_Gyrus,Animal_08,Stimulated
Neuron_0133,Inhibitory,CA3,Animal_07,Control
Neuron_0134,Excitatory,Dentate_Gyrus,Animal_04,Control
Neuron_0135,Inhibitory,CA3,Animal_07,Stimulated
Neuron_0136,Excitatory,Dentate_Gyrus,Animal_02,Control
Neuron_0137,Interneuron,CA3,Animal_06,Stimulated
Neuron_0138,Excitatory,CA1,Animal_02,Control
Neuron_0139,Inhibitory,Dentate_Gyrus,Animal_01,Stimulated
Neuron_0140,Excitatory,CA3,Animal_02,Control
Neuron_0141,Excitatory,CA3,Animal_02,Control
Neuron_0142,Excitatory,CA1,Animal_06,Stimulated
Neuron_0143,Interneuron,CA1,Animal_07,Stimulated
Neuron_0144,Inhibitory,CA3,Animal_08,Stimulated
Neuron_0145,Excitatory,CA1,Animal_06,Stimulated
Neuron_0146,Excitatory,Dentate_Gyrus,Animal_03,Control
Neuron_0147,Excitatory,Dentate_Gyrus,Animal_01,Stimulated
Neuron_0148,Inhibitory,Dentate_Gyrus,Animal_09,Control
Neuron_0149,Excitatory,Dentate_Gyrus,Animal_12,Stimulated
Neuron_0150,Excitatory,CA3,Animal_04,Control
Neuron_0151,Interneuron,CA1,Animal_03,Control
Neuron_0152,Interneuron,CA3,Animal_04,Control
Neuron_0153,Excitatory,CA3,Animal_03,Stimulated
Neuron_0154,Inhibitory,Dentate_Gyrus,Animal_03,Stimulated
Neuron_0155,Excitatory,CA1,Animal_06,Control
Neuron_0156,Inhibitory,CA3,Animal_10,Stimulated
Neuron_0157,Excitatory,CA3,Animal_09,Stimulated
Neuron_0158,Inhibitory,CA1,Animal_12,Stimulated
Neuron_0159,Inhibitory,CA1,Animal_05,Stimulated
Neuron_0160,Inhibitory,CA3,Animal_06,Control
Neuron_0161,Excitatory,CA1,Animal_05,Control
Neuron_0162,Interneuron,CA1,Animal_01,Stimulated
Neuron_0163,Excitatory,CA3,Animal_05,Control
Neuron_0164,Excitatory,CA1,Animal_04,Stimulated
Neuron_0165,Inhibitory,CA3,Animal_06,Control
Neuron_0166,Excitatory,CA1,Animal_02,Control
Neuron_0167,Interneuron,CA1,Animal_09,Stimulated
Neuron_0168,Interneuron,CA3,Animal_11,Stimulated
Neuron_0169,Excitatory,Dentate_Gyrus,Animal_12,Stimulated
Neuron_0170,Interneuron,CA3,Animal_02,Stimulated
Neuron_0171,Excitatory,Dentate_Gyrus,Animal_02,Control
Neuron_0172,Inhibitory,CA3,Animal_12,Stimulated
Neuron_0173,Excitatory,CA3,Animal_11,Control
Neuron_0174,Interneuron,CA3,Animal_08,Control
Neuron_0175,Excitatory,Dentate_Gyrus,Animal_04,Stimulated
Neuron_0176,Excitatory,Dentate_Gyrus,Animal_07,Control
Neuron_0177,Excitatory,Dentate_Gyrus,Animal_07,Stimulated
Neuron_0178,Interneuron,Dentate_Gyrus,Animal_11,Control
Neuron_0179,Interneuron,CA3,Animal_07,Stimulated
Neuron_0180,Inhibitory,CA3,Animal_01,Control
Neuron_0181,Interneuron,Dentate_Gyrus,Animal_09,Control
Neuron_0182,Interneuron,CA1,Animal_10,Control
Neuron_0183,Inhibitory,CA3,Animal_04,Control
Neuron_0184,Excitatory,Dentate_Gyrus,Animal_02,Stimulated
Neuron_0185,Inhibitory,CA3,Animal_02,Stimulated
Neuron_0186,Inhibitory,CA1,Animal_11,Control
Neuron_0187,Excitatory,CA3,Animal_06,Stimulated
Neuron_0188,Excitatory,CA1,Animal_07,Control
Neuron_0189,Inhibitory,Dentate_Gyrus,Animal_12,Stimulated
Neuron_0190,Excitatory,Dentate_Gyrus,Animal_01,Stimulated
Neuron_0191,Interneuron,CA1,Animal_03,Control
Neuron_0192,Excitatory,CA3,Animal_10,Stimulated
Neuron_0193,Excitatory,Dentate_Gyrus,Animal_07,Control
Neuron_0194,Interneuron,Dentate_Gyrus,Animal_01,Control
Neuron_0195,Excitatory,CA1,Animal_09,Control
Neuron_0196,Excitatory,CA3,Animal_02,Stimulated
Neuron_0197,Inhibitory,CA3,Animal_10,Control
Neuron_0198,Interneuron,CA3,Animal_10,Control
Neuron_0199,Excitatory,CA1,Animal_10,Control
Neuron_0200,Excitatory,CA1,Animal_06,Control
Neuron_0201,Inhibitory,Dentate_Gyrus,Animal_04,Stimulated
Neuron_0202,Interneuron,CA1,Animal_11,Stimulated
Neuron_0203,Inhibitory,CA1,Animal_07,Control
Neuron_0204,Excitatory,CA1,Animal_08,Control
Neuron_0205,Excitatory,CA1,Animal_02,Control
Neuron_0206,Excitatory,CA1,Animal_08,Control
Neuron_0207,Excitatory,CA3,Animal_07,Stimulated
Neuron_0208,Inhibitory,Dentate_Gyrus,Animal_04,Control
Neuron_0209,Excitatory,CA1,Animal_10,Control
Neuron_0210,Inhibitory,CA1,Animal_02,Stimulated
Neuron_0211,Inhibitory,CA1,Animal_09,Stimulated
Neuron_0212,Inhibitory,CA3,Animal_12,Control
Neuron_0213,Excitatory,CA1,Animal_07,Control
Neuron_0214,Interneuron,Dentate_Gyrus,Animal_02,Stimulated
Neuron_0215,Inhibitory,CA3,Animal_07,Control
Neuron_0216,Inhibitory,Dentate_Gyrus,Animal_07,Control
Neuron_0217,Excitatory,CA3,Animal_07,Stimulated
Neuron_0218,Excitatory,CA3,Animal_04,Stimulated
Neuron_0219,Interneuron,Dentate_Gyrus,Animal_08,Stimulated
Neuron_0220,Excitatory,CA3,Animal_04,Control
Neuron_0221,Excitatory,Dentate_Gyrus,Animal_07,Control
Neuron_0222,Excitatory,Dentate_Gyrus,Animal_08,Control
Neuron_0223,Inhibitory,CA3,Animal_08,Stimulated
Neuron_0224,Interneuron,Dentate_Gyrus,Animal_10,Stimulated
Neuron_0225,Excitatory,CA1,Animal_11,Control
Neuron_0226,Interneuron,Dentate_Gyrus,Animal_10,Stimulated
Neuron_0227,Excitatory,Dentate_Gyrus,Animal_10,Control
Neuron_0228,Inhibitory,Dentate_Gyrus,Animal_11,Control
Neuron_0229,Inhibitory,CA1,Animal_03,Stimulated
Neuron_0230,Excitatory,Dentate_Gyrus,Animal_04,Control
Neuron_0231,Excitatory,CA3,Animal_07,Control
Neuron_0232,Excitatory,CA1,Animal_06,Control
Neuron_0233,Interneuron,CA1,Animal_09,Stimulated
Neuron_0234,Inhibitory,CA3,Animal_01,Control
Neuron_0235,Interneuron,CA1,Animal_02,Control
Neuron_0236,Interneuron,CA1,Animal_09,Stimulated
Neuron_0237,Excitatory,CA3,Animal_10,Control
Neuron_0238,Inhibitory,CA3,Animal_04,Control
Neuron_0239,Excitatory,CA1,Animal_04,Stimulated
Neuron_0240,Excitatory,Dentate_Gyrus,Animal_07,Stimulated
Neuron_0241,Interneuron,Dentate_Gyrus,Animal_06,Stimulated
Neuron_0242,Inhibitory,CA3,Animal_03,Control
Neuron_0243,Excitatory,Dentate_Gyrus,Animal_07,Stimulated
Neuron_0244,Inhibitory,CA3,Animal_10,Control
Neuron_0245,Inhibitory,CA1,Animal_09,Control
Neuron_0246,Interneuron,CA1,Animal_10,Control
Neuron_0247,Inhibitory,Dentate_Gyrus,Animal_08,Control
Neuron_0248,Excitatory,Dentate_Gyrus,Animal_11,Control
Neuron_0249,Excitatory,Dentate_Gyrus,Animal_03,Control
Neuron_0250,Excitatory,CA1,Animal_01,Control
Neuron_0251,Inhibitory,CA1,Animal_02,Control
Neuron_0252,Interneuron,CA1,Animal_12,Stimulated
Neuron_0253,Excitatory,CA1,Animal_08,Stimulated
Neuron_0254,Excitatory,CA1,Animal_03,Control
Neuron_0255,Excitatory,CA3,Animal_11,Stimulated
Neuron_0256,Inhibitory,CA1,Animal_04,Stimulated
Neuron_0257,Interneuron,Dentate_Gyrus,Animal_08,Stimulated
Neuron_0258,Excitatory,CA3,Animal_03,Control
Neuron_0259,Excitatory,CA1,Animal_02,Control
Neuron_0260,Inhibitory,CA3,Animal_04,Control
Neuron_0261,Excitatory,Dentate_Gyrus,Animal_03,Control
Neuron_0262,Interneuron,CA1,Animal_07,Control
Neuron_0263,Excitatory,CA1,Animal_01,Stimulated
Neuron_0264,Excitatory,CA1,Animal_03,Control
Neuron_0265,Interneuron,Dentate_Gyrus,Animal_07,Stimulated
Neuron_0266,Excitatory,CA1,Animal_05,Stimulated
Neuron_0267,Excitatory,CA3,Animal_08,Control
Neuron_0268,Excitatory,CA3,Animal_08,Stimulated
Neuron_0269,Excitatory,Dentate_Gyrus,Animal_12,Control
Neuron_0270,Excitatory,CA1,Animal_11,Stimulated
Neuron_0271,Excitatory,Dentate_Gyrus,Animal_03,Stimulated
Neuron_0272,Excitatory,Dentate_Gyrus,Animal_09,Stimulated
Neuron_0273,Excitatory,CA3,Animal_08,Control
Neuron_0274,Inhibitory,CA1,Animal_08,Control
Neuron_0275,Inhibitory,Dentate_Gyrus,Animal_10,Control
Neuron_0276,Excitatory,CA1,Animal_02,Control
Neuron_0277,Excitatory,CA3,Animal_05,Control
Neuron_0278,Inhibitory,CA3,Animal_10,Stimulated
Neuron_0279,Interneuron,CA1,Animal_11,Control
Neuron_0280,Interneuron,CA3,Animal_01,Control
Neuron_0281,Excitatory,CA1,Animal_06,Stimulated
Neuron_0282,Excitatory,CA1,Animal_04,Control
Neuron_0283,Excitatory,CA1,Animal_03,Control
Neuron_0284,Excitatory,CA1,Animal_01,Stimulated
Neuron_0285,Inhibitory,CA3,Animal_07,Stimulated
Neuron_0286,Excitatory,Dentate_Gyrus,Animal_09,Stimulated
Neuron_0287,Excitatory,CA1,Animal_07,Control
Neuron_0288,Excitatory,CA1,Animal_05,Stimulated
Neuron_0289,Inhibitory,CA1,Animal_10,Control
Neuron_0290,Excitatory,CA3,Animal_08,Control
Neuron_0291,Interneuron,CA1,Animal_11,Control
Neuron_0292,Excitatory,CA3,Animal_05,Stimulated
Neuron_0293,Interneuron,CA1,Animal_03,Control
Neuron_0294,Excitatory,CA1,Animal_06,Control
Neuron_0295,Interneuron,CA3,Animal_07,Control
Neuron_0296,Interneuron,CA3,Animal_06,Control
Neuron_0297,Interneuron,CA3,Animal_10,Control
Neuron_0298,Interneuron,Dentate_Gyrus,Animal_01,Control
Neuron_0299,Inhibitory,CA3,Animal_07,Control
Neuron_0300,Inhibitory,Dentate_Gyrus,Animal_06,Stimulated
Neuron_0301,Inhibitory,CA3,Animal_03,Stimulated
Neuron_0302,Excitatory,CA1,Animal_08,Stimulated
Neuron_0303,Inhibitory,CA1,Animal_10,Stimulated
Neuron_0304,Inhibitory,CA1,Animal_07,Stimulated
Neuron_0305,Interneuron,CA3,Animal_02,Stimulated
Neuron_0306,Excitatory,CA1,Animal_01,Control
Neuron_0307,Excitatory,Dentate_Gyrus,Animal_06,Stimulated
Neuron_0308,Inhibitory,CA3,Animal_09,Control
Neuron_0309,Excitatory,Dentate_Gyrus,Animal_04,Stimulated
Neuron_0310,Excitatory,Dentate_Gyrus,Animal_04,Control
Neuron_0311,Excitatory,CA3,Animal_11,Control
Neuron_0312,Excitatory,CA1,Animal_01,Stimulated
Neuron_0313,Excitatory,Dentate_Gyrus,Animal_01,Control
Neuron_0314,Excitatory,CA1,Animal_02,Control
Neuron_0315,Excitatory,CA1,Animal_12,Stimulated
Neuron_0316,Excitatory,Dentate_Gyrus,Animal_06,Control
Neuron_0317,Excitatory,CA3,Animal_02,Control
Neuron_0318,Inhibitory,CA1,Animal_04,Stimulated
Neuron_0319,Excitatory,CA3,Animal_12,Stimulated
Neuron_0320,Interneuron,CA3,Animal_09,Control
Neuron_0321,Interneuron,Dentate_Gyrus,Animal_03,Control
Neuron_0322,Excitatory,Dentate_Gyrus,Animal_03,Stimulated
Neuron_0323,Excitatory,CA1,Animal_01,Control
Neuron_0324,Inhibitory,CA1,Animal_10,Control
Neuron_0325,Interneuron,CA3,Animal_02,Control
Neuron_0326,Inhibitory,CA1,Animal_04,Stimulated
Neuron_0327,Interneuron,CA1,Animal_05,Control
Neuron_0328,Inhibitory,CA1,Animal_08,Control
Neuron_0329,Inhibitory,CA1,Animal_08,Control
Neuron_0330,Excitatory,Dentate_Gyrus,Animal_10,Control
Neuron_0331,Inhibitory,CA1,Animal_04,Stimulated
Neuron_0332,Excitatory,CA1,Animal_05,Control
Neuron_0333,Inhibitory,Dentate_Gyrus,Animal_05,Control
Neuron_0334,Interneuron,CA1,Animal_01,Control
Neuron_0335,Excitatory,Dentate_Gyrus,Animal_09,Stimulated
Neuron_0336,Inhibitory,CA1,Animal_07,Stimulated
Neuron_0337,Excitatory,CA1,Animal_06,Stimulated
Neuron_0338,Inhibitory,CA1,Animal_12,Control
Neuron_0339,Excitatory,Dentate_Gyrus,Animal_03,Control
Neuron_0340,Interneuron,CA3,Animal_12,Control
Neuron_0341,Excitatory,CA3,Animal_09,Control
Neuron_0342,Interneuron,CA1,Animal_03,Stimulated
Neuron_0343,Interneuron,CA1,Animal_09,Stimulated
Neuron_0344,Inhibitory,CA3,Animal_10,Control
Neuron_0345,Inhibitory,CA1,Animal_05,Stimulated
Neuron_0346,Inhibitory,CA3,Animal_05,Stimulated
Neuron_0347,Interneuron,Dentate_Gyrus,Animal_11,Control
Neuron_0348,Excitatory,Dentate_Gyrus,Animal_02,Stimulated
Neuron_0349,Inhibitory,CA3,Animal_01,Control
Neuron_0350,Excitatory,CA1,Animal_08,Control
Neuron_0351,Inhibitory,CA1,Animal_11,Control
Neuron_0352,Excitatory,Dentate_Gyrus,Animal_07,Stimulated
Neuron_0353,Inhibitory,CA3,Animal_02,Stimulated
Neuron_0354,Inhibitory,CA3,Animal_07,Control
Neuron_0355,Excitatory,CA3,Animal_04,Stimulated
Neuron_0356,Inhibitory,CA1,Animal_10,Control
Neuron_0357,Inhibitory,Dentate_Gyrus,Animal_08,Control
Neuron_0358,Inhibitory,Dentate_Gyrus,Animal_05,Control
Neuron_0359,Excitatory,Dentate_Gyrus,Animal_08,Stimulated
Neuron_0360,Inhibitory,Dentate_Gyrus,Animal_09,Stimulated
Neuron_0361,Interneuron,CA1,Animal_09,Control
Neuron_0362,Excitatory,CA1,Animal_05,Stimulated
Neuron_0363,Excitatory,CA1,Animal_07,Stimulated
Neuron_0364,Excitatory,Dentate_Gyrus,Animal_01,Stimulated
Neuron_0365,Inhibitory,CA3,Animal_05,Control
Neuron_0366,Excitatory,CA3,Animal_05,Stimulated
Neuron_0367,Inhibitory,Dentate_Gyrus,Animal_07,Control
Neuron_0368,Inhibitory,CA3,Animal_12,Control
Neuron_0369,Excitatory,Dentate_Gyrus,Animal_12,Control
Neuron_0370,Interneuron,Dentate_Gyrus,Animal_06,Stimulated
Neuron_0371,Inhibitory,CA1,Animal_08,Stimulated
Neuron_0372,Excitatory,CA3,Animal_02,Stimulated
Neuron_0373,Excitatory,Dentate_Gyrus,Animal_06,Stimulated
Neuron_0374,Excitatory,Dentate_Gyrus,Animal_09,Stimulated
Neuron_0375,Excitatory,CA1,Animal_09,Stimulated
Neuron_0376,Excitatory,CA1,Animal_12,Stimulated
Neuron_0377,Interneuron,CA3,Animal_06,Stimulated
Neuron_0378,Excitatory,Dentate_Gyrus,Animal_11,Stimulated
Neuron_0379,Excitatory,CA1,Animal_12,Stimulated
Neuron_0380,Inhibitory,CA3,Animal_07,Control
Neuron_0381,Inhibitory,CA1,Animal_02,Control
Neuron_0382,Interneuron,CA1,Animal_05,Stimulated
Neuron_0383,Inhibitory,CA3,Animal_10,Control
Neuron_0384,Excitatory,CA3,Animal_07,Stimulated
Neuron_0385,Excitatory,CA3,Animal_12,Stimulated
Neuron_0386,Interneuron,CA1,Animal_10,Stimulated
Neuron_0387,Inhibitory,Dentate_Gyrus,Animal_01,Stimulated
Neuron_0388,Interneuron,CA1,Animal_11,Control
Neuron_0389,Excitatory,Dentate_Gyrus,Animal_05,Control
Neuron_0390,Interneuron,CA1,Animal_10,Stimulated
Neuron_0391,Inhibitory,Dentate_Gyrus,Animal_07,Stimulated
Neuron_0392,Excitatory,CA3,Animal_06,Control
Neuron_0393,Inhibitory,CA3,Animal_01,Stimulated
Neuron_0394,Inhibitory,CA1,Animal_02,Control
Neuron_0395,Excitatory,Dentate_Gyrus,Animal_08,Stimulated
Neuron_0396,Excitatory,CA1,Animal_07,Stimulated
Neuron_0397,Interneuron,CA3,Animal_07,Stimulated
Neuron_0398,Excitatory,Dentate_Gyrus,Animal_02,Control
Neuron_0399,Excitatory,Dentate_Gyrus,Animal_07,Control
Neuron_0400,Excitatory,Dentate_Gyrus,Animal_01,Stimulated
Neuron_0401,Excitatory,CA1,Animal_02,Stimulated
Neuron_0402,Interneuron,Dentate_Gyrus,Animal_06,Control
Neuron_0403,Inhibitory,Dentate_Gyrus,Animal_08,Control
Neuron_0404,Excitatory,CA1,Animal_08,Stimulated
Neuron_0405,Interneuron,CA1,Animal_12,Control
Neuron_0406,Interneuron,Dentate_Gyrus,Animal_11,Stimulated
Neuron_0407,Excitatory,CA1,Animal_05,Control
Neuron_0408,Interneuron,CA3,Animal_10,Control
Neuron_0409,Excitatory,CA1,Animal_02,Control
Neuron_0410,Interneuron,CA1,Animal_11,Stimulated
Neuron_0411,Inhibitory,Dentate_Gyrus,Animal_05,Stimulated
Neuron_0412,Inhibitory,CA1,Animal_10,Control
Neuron_0413,Excitatory,Dentate_Gyrus,Animal_12,Control
Neuron_0414,Interneuron,Dentate_Gyrus,Animal_09,Stimulated
Neuron_0415,Excitatory,CA1,Animal_12,Control
Neuron_0416,Excitatory,CA1,Animal_01,Stimulated
Neuron_0417,Excitatory,Dentate_Gyrus,Animal_03,Stimulated
Neuron_0418,Inhibitory,CA3,Animal_08,Control
Neuron_0419,Excitatory,CA1,Animal_07,Control
Neuron_0420,Interneuron,Dentate_Gyrus,Animal_02,Stimulated
Neuron_0421,Inhibitory,CA1,Animal_09,Control
Neuron_0422,Excitatory,CA1,Animal_01,Stimulated
Neuron_0423,Excitatory,Dentate_Gyrus,Animal_12,Control
Neuron_0424,Excitatory,CA1,Animal_02,Stimulated
Neuron_0425,Inhibitory,CA3,Animal_06,Control
Neuron_0426,Interneuron,Dentate_Gyrus,Animal_10,Stimulated
Neuron_0427,Excitatory,CA3,Animal_07,Stimulated
Neuron_0428,Interneuron,CA3,Animal_09,Control
Neuron_0429,Excitatory,CA3,Animal_09,Stimulated
Neuron_0430,Interneuron,CA1,Animal_12,Stimulated
Neuron_0431,Interneuron,CA3,Animal_06,Stimulated
Neuron_0432,Inhibitory,Dentate_Gyrus,Animal_12,Control
Neuron_0433,Inhibitory,CA1,Animal_07,Control
Neuron_0434,Interneuron,Dentate_Gyrus,Animal_11,Control
Neuron_0435,Excitatory,CA3,Animal_09,Stimulated
Neuron_0436,Excitatory,CA3,Animal_02,Stimulated
Neuron_0437,Excitatory,CA1,Animal_08,Control
Neuron_0438,Inhibitory,CA3,Animal_11,Control
Neuron_0439,Inhibitory,CA1,Animal_02,Stimulated
Neuron_0440,Inhibitory,CA1,Animal_11,Stimulated
Neuron_0441,Interneuron,Dentate_Gyrus,Animal_02,Control
Neuron_0442,Excitatory,CA1,Animal_11,Control
Neuron_0443,Inhibitory,CA3,Animal_10,Stimulated
Neuron_0444,Excitatory,CA3,Animal_02,Stimulated
Neuron_0445,Excitatory,CA1,Animal_09,Stimulated
Neuron_0446,Inhibitory,CA1,Animal_02,Stimulated
Neuron_0447,Interneuron,CA3,Animal_07,Control
Neuron_0448,Inhibitory,CA3,Animal_12,Control
Neuron_0449,Excitatory,Dentate_Gyrus,Animal_03,Control
Neuron_0450,Inhibitory,Dentate_Gyrus,Animal_03,Control
Neuron_0451,Excitatory,CA1,Animal_06,Control
Neuron_0452,Interneuron,CA1,Animal_05,Control
Neuron_0453,Inhibitory,CA1,Animal_01,Control
Neuron_0454,Excitatory,CA3,Animal_06,Stimulated
Neuron_0455,Excitatory,CA1,Animal_04,Control
Neuron_0456,Excitatory,CA1,Animal_02,Stimulated
Neuron_0457,Interneuron,Dentate_Gyrus,Animal_04,Control
Neuron_0458,Excitatory,Dentate_Gyrus,Animal_01,Control
Neuron_0459,Inhibitory,Dentate_Gyrus,Animal_11,Stimulated
Neuron_0460,Inhibitory,CA1,Animal_12,Stimulated
Neuron_0461,Inhibitory,CA3,Animal_05,Stimulated
Neuron_0462,Excitatory,CA3,Animal_11,Control
Neuron_0463,Interneuron,CA1,Animal_06,Control
Neuron_0464,Excitatory,CA3,Animal_11,Control
Neuron_0465,Inhibitory,CA3,Animal_03,Stimulated
Neuron_0466,Inhibitory,CA3,Animal_04,Control
Neuron_0467,Inhibitory,Dentate_Gyrus,Animal_09,Control
Neuron_0468,Interneuron,Dentate_Gyrus,Animal_03,Control
Neuron_0469,Excitatory,CA3,Animal_10,Stimulated
Neuron_0470,Inhibitory,Dentate_Gyrus,Animal_06,Stimulated
Neuron_0471,Excitatory,Dentate_Gyrus,Animal_05,Stimulated
Neuron_0472,Excitatory,CA3,Animal_06,Stimulated
Neuron_0473,Excitatory,CA1,Animal_10,Stimulated
Neuron_0474,Excitatory,Dentate_Gyrus,Animal_01,Stimulated
Neuron_0475,Excitatory,Dentate_Gyrus,Animal_10,Control
Neuron_0476,Excitatory,Dentate_Gyrus,Animal_10,Stimulated
Neuron_0477,Excitatory,CA1,Animal_10,Control
Neuron_0478,Inhibitory,CA3,Animal_12,Control
Neuron_0479,Inhibitory,Dentate_Gyrus,Animal_10,Control
Neuron_0480,Excitatory,CA3,Animal_07,Control
Neuron_0481,Excitatory,Dentate_Gyrus,Animal_06,Stimulated
Neuron_0482,Excitatory,CA1,Animal_05,Stimulated
Neuron_0483,Inhibitory,CA1,Animal_10,Stimulated
Neuron_0484,Excitatory,Dentate_Gyrus,Animal_05,Stimulated
Neuron_0485,Excitatory,CA3,Animal_07,Control
Neuron_0486,Excitatory,CA3,Animal_02,Stimulated
Neuron_0487,Excitatory,CA3,Animal_04,Stimulated
Neuron_0488,Excitatory,CA3,Animal_04,Control
Neuron_0489,Inhibitory,Dentate_Gyrus,Animal_06,Stimulated
Neuron_0490,Inhibitory,CA1,Animal_07,Stimulated
Neuron_0491,Inhibitory,Dentate_Gyrus,Animal_09,Stimulated
Neuron_0492,Inhibitory,Dentate_Gyrus,Animal_06,Stimulated
Neuron_0493,Inhibitory,CA3,Animal_02,Stimulated
Neuron_0494,Excitatory,CA3,Animal_07,Stimulated
Neuron_0495,Inhibitory,CA1,Animal_01,Control
Neuron_0496,Inhibitory,Dentate_Gyrus,Animal_11,Stimulated
Neuron_0497,Excitatory,CA3,Animal_10,Control
Neuron_0498,Inhibitory,CA1,Animal_03,Control
Neuron_0499,Excitatory,CA3,Animal_04,Stimulated
Neuron_0500,Inhibitory,Dentate_Gyrus,Animal_01,Control
Neuron_0501,Inhibitory,CA1,Animal_05,Stimulated
Neuron_0502,Interneuron,CA1,Animal_01,Control
Neuron_0503,Interneuron,Dentate_Gyrus,Animal_12,Control
Neuron_0504,Inhibitory,CA1,Animal_02,Control
Neuron_0505,Inhibitory,Dentate_Gyrus,Animal_08,Control
Neuron_0506,Inhibitory,Dentate_Gyrus,Animal_07,Stimulated
Neuron_0507,Excitatory,Dentate_Gyrus,Animal_03,Control
Neuron_0508,Interneuron,Dentate_Gyrus,Animal_10,Stimulated
Neuron_0509,Excitatory,CA1,Animal_02,Stimulated
Neuron_0510,Excitatory,CA1,Animal_11,Control
Neuron_0511,Excitatory,CA3,Animal_09,Stimulated
Neuron_0512,Interneuron,CA3,Animal_08,Control
Neuron_0513,Excitatory,Dentate_Gyrus,Animal_11,Control
Neuron_0514,Excitatory,Dentate_Gyrus,Animal_05,Stimulated
Neuron_0515,Excitatory,CA3,Animal_04,Stimulated
Neuron_0516,Excitatory,Dentate_Gyrus,Animal_02,Stimulated
Neuron_0517,Excitatory,CA3,Animal_12,Control
Neuron_0518,Inhibitory,CA3,Animal_05,Control
Neuron_0519,Excitatory,CA3,Animal_10,Stimulated
Neuron_0520,Interneuron,CA3,Animal_04,Stimulated
Neuron_0521,Interneuron,CA1,Animal_12,Stimulated
Neuron_0522,Excitatory,Dentate_Gyrus,Animal_11,Control
Neuron_0523,Excitatory,CA3,Animal_04,Stimulated
Neuron_0524,Inhibitory,Dentate_Gyrus,Animal_06,Control
Neuron_0525,Excitatory,CA3,Animal_10,Control
Neuron_0526,Excitatory,Dentate_Gyrus,Animal_03,Control
Neuron_0527,Interneuron,Dentate_Gyrus,Animal_01,Control
Neuron_0528,Interneuron,CA3,Animal_04,Stimulated
Neuron_0529,Inhibitory,CA3,Animal_08,Control
Neuron_0530,Excitatory,CA1,Animal_02,Stimulated
Neuron_0531,Inhibitory,Dentate_Gyrus,Animal_05,Control
Neuron_0532,Inhibitory,Dentate_Gyrus,Animal_12,Stimulated
Neuron_0533,Excitatory,Dentate_Gyrus,Animal_01,Control
Neuron_0534,Inhibitory,Dentate_Gyrus,Animal_01,Control
Neuron_0535,Excitatory,Dentate_Gyrus,Animal_06,Control
Neuron_0536,Excitatory,Dentate_Gyrus,Animal_01,Stimulated
Neuron_0537,Inhibitory,CA3,Animal_01,Control
Neuron_0538,Excitatory,CA1,Animal_03,Stimulated
Neuron_0539,Excitatory,CA1,Animal_02,Stimulated
Neuron_0540,Interneuron,CA1,Animal_10,Control
Neuron_0541,Interneuron,CA3,Animal_02,Stimulated
Neuron_0542,Inhibitory,Dentate_Gyrus,Animal_07,Control
Neuron_0543,Interneuron,CA3,Animal_09,Control
Neuron_0544,Interneuron,CA1,Animal_08,Control
Neuron_0545,Excitatory,CA1,Animal_08,Stimulated
Neuron_0546,Excitatory,Dentate_Gyrus,Animal_05,Stimulated
Neuron_0547,Excitatory,Dentate_Gyrus,Animal_11,Control
Neuron_0548,Excitatory,CA3,Animal_01,Control
Neuron_0549,Inhibitory,Dentate_Gyrus,Animal_02,Stimulated
Neuron_0550,Excitatory,Dentate_Gyrus,Animal_11,Control
Neuron_0551,Excitatory,Dentate_Gyrus,Animal_01,Stimulated
Neuron_0552,Excitatory,Dentate_Gyrus,Animal_03,Stimulated
Neuron_0553,Excitatory,CA3,Animal_03,Control
Neuron_0554,Interneuron,CA3,Animal_01,Stimulated
Neuron_0555,Excitatory,CA3,Animal_02,Control
Neuron_0556,Excitatory,CA1,Animal_07,Stimulated
Neuron_0557,Excitatory,CA3,Animal_08,Control
Neuron_0558,Excitatory,CA3,Animal_01,Stimulated
Neuron_0559,Inhibitory,CA3,Animal_12,Stimulated
Neuron_0560,Excitatory,CA3,Animal_02,Control
Neuron_0561,Excitatory,CA3,Animal_09,Control
Neuron_0562,Excitatory,CA3,Animal_10,Stimulated
Neuron_0563,Interneuron,CA1,Animal_07,Stimulated
Neuron_0564,Inhibitory,CA3,Animal_06,Control
Neuron_0565,Inhibitory,CA3,Animal_02,Control
Neuron_0566,Inhibitory,Dentate_Gyrus,Animal_03,Control
Neuron_0567,Inhibitory,CA3,Animal_11,Stimulated
Neuron_0568,Excitatory,CA3,Animal_05,Stimulated
Neuron_0569,Excitatory,CA1,Animal_01,Control
Neuron_0570,Inhibitory,CA1,Animal_09,Control
Neuron_0571,Excitatory,CA3,Animal_09,Control
Neuron_0572,Interneuron,CA3,Animal_01,Control
Neuron_0573,Excitatory,CA3,Animal_01,Stimulated
Neuron_0574,Inhibitory,CA3,Animal_02,Stimulated
Neuron_0575,Interneuron,Dentate_Gyrus,Animal_01,Stimulated
Neuron_0576,Inhibitory,CA1,Animal_08,Control
Neuron_0577,Interneuron,CA1,Animal_02,Control
Neuron_0578,Inhibitory,CA1,Animal_08,Control
Neuron_0579,Interneuron,CA1,Animal_03,Control
Neuron_0580,Excitatory,Dentate_Gyrus,Animal_12,Stimulated
Neuron_0581,Excitatory,CA1,Animal_09,Control
Neuron_0582,Inhibitory,CA3,Animal_05,Stimulated
Neuron_0583,Excitatory,CA1,Animal_06,Control
Neuron_0584,Excitatory,Dentate_Gyrus,Animal_01,Stimulated
Neuron_0585,Interneuron,Dentate_Gyrus,Animal_01,Control
Neuron_0586,Inhibitory,CA1,Animal_07,Control
Neuron_0587,Excitatory,CA1,Animal_01,Control
Neuron_0588,Excitatory,CA1,Animal_08,Stimulated
Neuron_0589,Excitatory,CA3,Animal_05,Stimulated
Neuron_0590,Excitatory,Dentate_Gyrus,Animal_02,Stimulated
Neuron_0591,Interneuron,CA3,Animal_07,Stimulated
Neuron_0592,Excitatory,Dentate_Gyrus,Animal_07,Control
Neuron_0593,Excitatory,CA3,Animal_09,Control
Neuron_0594,Inhibitory,CA1,Animal_03,Control
Neuron_0595,Excitatory,CA3,Animal_07,Control
Neuron_0596,Excitatory,CA1,Animal_11,Control
Neuron_0597,Inhibitory,Dentate_Gyrus,Animal_04,Control
Neuron_0598,Inhibitory,CA1,Animal_11,Stimulated
Neuron_0599,Interneuron,CA3,Animal_09,Control
Neuron_0600,Inhibitory,CA3,Animal_06,Control
